sample_id,latitude,longitude,water_temp_c,ph_level,turbidity_ntu,dissolved_oxygen_mg_l,salinity_psu,microplastic_particles_m3,macroplastic_count_km2,coastal_proximity_km,wave_height_m,ocean_current_speed_m_s,industrial_discharge_score,pollution_index,pollution_level,pollution_level_encoded
ENV_SAMP_2350,-4.92901,81.41741,32.28,7.65,10.36,4.32,31.84,583.33,97.71,41.71,1.41,0.17,3.79,21.91,Low,2
ENV_SAMP_0485,36.45551,-81.30656,24.22,7.5,36.46,4.53,34.08,1265.29,153.11,33.13,0.66,1.21,6.93,44.33,Medium,3
ENV_SAMP_0529,36.6513,139.51054,26.63,8.51,15.04,6.26,36.17,1845.65,286.8,3.59,0.84,0.23,7.05,45.22,Medium,3
ENV_SAMP_1635,20.38599,79.83073,29.34,8.2,9.06,6.47,31.58,621.03,100.96,31.37,0.27,1.92,3.71,22.0,Low,2
ENV_SAMP_1772,17.81722,-117.37697,20.04,8.21,17.61,6.15,30.09,1382.03,225.64,15.15,0.61,1.0,9.87,40.06,Medium,3
ENV_SAMP_0021,26.41748,72.25627,23.31,8.43,10.14,8.54,34.55,486.41,47.0,29.04,2.35,0.72,1.43,15.37,Low,2
ENV_SAMP_1639,18.16644,-117.57663,26.72,7.53,5.54,6.15,41.44,903.37,162.4,18.12,4.79,0.17,6.97,30.52,Medium,3
ENV_SAMP_0903,20.16489,102.81761,20.7,7.79,16.68,6.15,37.37,1994.51,318.91,3.96,1.15,2.01,9.55,54.96,High,1
ENV_SAMP_2274,18.44013,-81.53821,19.01,7.44,43.66,5.59,39.6,1133.01,81.87,12.4,3.14,0.84,1.33,33.03,Medium,3
ENV_SAMP_1180,-5.32844,105.18935,26.18,8.3,14.19,6.38,32.46,1024.13,173.99,46.27,0.49,1.5,8.8,36.47,Medium,3
ENV_SAMP_0509,2.45592,105.91704,24.33,7.46,34.65,7.27,32.36,1487.25,183.38,15.32,1.74,1.26,7.79,42.3,Medium,3
ENV_SAMP_2201,35.64164,81.01522,26.7,8.75,4.86,5.85,32.56,473.73,67.08,17.62,0.31,1.39,1.16,16.01,Low,2
ENV_SAMP_2276,0.64563,-116.85511,20.49,8.36,6.0,6.68,30.93,3500.0,500.0,0.3,0.57,0.63,0.26,60.27,High,1
ENV_SAMP_1041,20.0795,-117.06382,24.58,7.47,25.12,5.46,35.72,1067.73,120.01,10.9,2.74,0.29,3.63,35.51,Medium,3
ENV_SAMP_1236,-0.09484,-78.91325,25.24,7.27,6.66,4.43,34.73,695.05,127.64,34.9,0.87,0.29,5.49,27.94,Medium,3
ENV_SAMP_0942,-5.36004,-80.35668,26.46,8.32,2.05,5.2,32.74,1041.6,162.98,5.17,0.47,1.58,2.9,31.7,Medium,3
ENV_SAMP_0704,11.87575,-117.99604,25.84,7.45,23.81,6.66,32.11,995.67,127.95,30.11,2.17,0.91,5.71,32.71,Medium,3
ENV_SAMP_1934,27.23567,-118.44525,19.5,7.6,9.31,3.47,34.12,784.76,123.77,20.68,2.24,0.42,4.84,34.42,Medium,3
ENV_SAMP_0939,27.08798,106.86666,20.39,7.64,0.5,8.39,32.04,310.85,57.88,25.55,2.01,1.22,1.36,10.48,Low,2
ENV_SAMP_1817,-5.96652,104.52119,23.17,7.99,5.41,5.78,31.15,1159.98,182.96,4.71,2.14,0.6,3.06,27.89,Medium,3
ENV_SAMP_1829,0.76273,-118.7012,26.51,7.62,24.39,6.63,32.78,3500.0,500.0,0.2,3.21,0.4,5.52,67.61,High,1
ENV_SAMP_1499,33.14066,-117.5824,26.02,7.62,25.86,5.79,37.79,1489.2,186.57,5.21,2.23,1.49,4.08,44.01,Medium,3
ENV_SAMP_1130,1.4561,-117.35064,28.45,7.87,1.87,6.7,32.4,798.66,142.77,10.19,1.95,0.34,4.14,21.81,Low,2
ENV_SAMP_0381,33.7926,139.46045,26.69,8.52,25.67,8.73,34.38,1235.97,169.22,38.18,2.37,1.77,8.38,32.07,Medium,3
ENV_SAMP_1764,34.60948,73.3623,30.28,8.29,12.68,6.38,31.94,1281.45,177.96,3.89,1.15,1.19,1.47,28.44,Medium,3
ENV_SAMP_0603,20.15314,79.66837,29.87,7.63,30.86,7.16,34.67,3500.0,500.0,0.75,4.91,1.44,5.98,66.89,High,1
ENV_SAMP_0073,1.77191,102.72691,21.09,7.71,18.47,6.64,36.4,1532.43,198.03,2.77,2.94,0.72,0.21,35.88,Medium,3
ENV_SAMP_0619,13.82338,71.78791,26.69,6.81,3.97,8.28,34.8,565.36,91.08,15.29,0.24,0.39,2.37,13.02,Low,2
ENV_SAMP_1887,13.83855,-80.00525,26.3,8.25,40.7,8.4,36.07,1662.97,194.56,9.11,1.76,1.41,6.8,45.34,Medium,3
ENV_SAMP_1758,36.94454,-80.72537,17.89,8.06,1.35,5.77,33.46,2876.91,500.0,0.61,1.38,0.43,0.05,54.18,High,1
ENV_SAMP_1057,18.28143,106.66112,27.74,8.65,7.97,7.85,40.29,753.6,115.07,13.41,1.97,0.57,3.24,18.91,Low,2
ENV_SAMP_1844,20.55642,79.29735,20.97,6.83,22.67,5.65,34.78,1305.21,196.99,24.17,1.6,1.06,8.95,44.79,Medium,3
ENV_SAMP_1451,18.01508,104.37507,30.89,7.31,10.87,8.2,35.12,921.3,134.88,15.61,5.35,1.84,5.23,32.01,Medium,3
ENV_SAMP_1219,26.60276,-117.91641,25.31,7.92,5.88,8.91,35.29,1336.26,221.69,5.05,1.52,1.6,5.66,33.6,Medium,3
ENV_SAMP_1557,2.23945,-118.29523,17.44,6.95,2.76,5.86,34.81,1276.86,235.51,6.84,1.53,0.46,7.81,39.43,Medium,3
ENV_SAMP_0278,32.78144,106.10278,30.77,7.42,12.73,5.82,31.99,990.49,146.68,9.08,3.06,1.17,3.69,34.02,Medium,3
ENV_SAMP_0798,-5.34256,-118.32603,19.4,7.58,1.4,8.17,35.55,1063.14,201.91,13.7,1.93,1.29,8.31,33.35,Medium,3
ENV_SAMP_1902,33.24791,-117.26363,25.86,8.62,20.67,6.48,36.7,2428.43,362.54,1.6,1.79,0.72,3.72,54.68,High,1
ENV_SAMP_1878,-6.57076,105.23018,23.44,7.34,6.36,8.04,33.93,578.75,60.47,10.91,1.19,2.03,0.39,18.03,Low,2
ENV_SAMP_0439,26.7218,81.37566,30.37,7.7,10.53,6.06,35.19,904.38,121.77,11.43,0.99,0.16,4.11,31.49,Medium,3
ENV_SAMP_1464,13.95423,141.06374,29.48,8.16,16.9,4.89,33.88,857.55,127.51,45.25,1.74,0.57,5.81,32.54,Medium,3
ENV_SAMP_2242,25.02606,103.77769,29.18,7.35,28.32,8.33,34.74,885.86,86.76,34.92,3.44,1.8,3.48,29.88,Medium,3
ENV_SAMP_1307,35.07635,80.06282,21.6,7.8,15.91,9.18,37.17,1689.0,257.77,4.85,0.38,0.61,7.7,38.84,Medium,3
ENV_SAMP_1501,24.85823,80.31336,17.39,7.64,14.4,5.34,37.84,1267.97,210.12,18.06,0.13,1.91,9.31,42.58,Medium,3
ENV_SAMP_0561,-4.89929,102.75831,21.06,8.44,20.83,7.75,33.35,965.05,148.59,100.0,2.32,0.09,7.41,35.09,Medium,3
ENV_SAMP_1007,0.52195,105.30801,18.66,7.43,6.32,7.58,33.93,3500.0,500.0,0.39,4.18,1.8,5.01,64.77,High,1
ENV_SAMP_0121,12.05198,106.41598,28.83,8.86,4.99,8.39,31.86,1197.89,206.38,5.78,0.94,0.25,5.5,30.99,Medium,3
ENV_SAMP_0679,0.01567,-119.73812,30.23,7.11,36.48,6.01,30.66,970.6,83.14,49.4,2.14,0.15,3.49,30.32,Medium,3
ENV_SAMP_1582,0.19426,106.98829,19.04,7.67,4.25,10.26,33.22,1240.87,223.8,8.46,2.25,0.23,8.11,37.6,Medium,3
ENV_SAMP_1197,13.10125,73.24024,25.07,8.72,14.56,5.94,36.77,1111.86,135.79,5.67,1.91,0.06,1.87,31.49,Medium,3
ENV_SAMP_2047,1.57736,104.4754,25.3,7.06,19.11,5.97,34.65,3500.0,500.0,0.2,1.29,0.26,6.2,65.82,High,1
ENV_SAMP_1608,34.74469,106.06884,16.65,8.11,24.8,8.77,31.65,3094.99,500.0,0.83,0.82,1.35,2.49,56.99,High,1
ENV_SAMP_1638,-5.73229,103.83608,27.03,8.41,48.09,6.81,30.36,2646.23,348.38,2.6,2.19,1.51,7.94,65.49,High,1
ENV_SAMP_1334,-6.30856,80.33947,22.48,8.74,4.22,4.27,37.94,1321.12,231.65,5.84,1.44,2.04,7.2,40.65,Medium,3
ENV_SAMP_2153,33.08525,107.15076,27.62,8.0,12.61,6.04,35.41,670.01,84.5,23.91,1.3,1.98,3.36,26.73,Medium,3
ENV_SAMP_2269,25.80988,140.85463,31.1,8.09,12.07,3.5,33.82,982.42,152.2,16.96,3.77,2.03,5.87,31.09,Medium,3
ENV_SAMP_0838,35.88539,103.83326,25.66,8.11,60.28,4.37,35.57,1441.44,107.54,23.68,3.52,0.45,3.85,46.66,Medium,3
ENV_SAMP_0102,35.86028,138.39678,17.08,7.53,2.28,9.19,33.7,1496.52,264.34,4.6,3.78,1.51,7.41,38.29,Medium,3
ENV_SAMP_2104,33.56766,73.65182,24.11,8.08,24.67,4.41,40.14,1811.41,236.33,2.37,1.13,0.07,0.91,47.72,Medium,3
ENV_SAMP_0504,1.00864,72.40579,23.86,7.53,9.64,5.31,36.73,508.63,71.49,29.32,0.79,0.6,2.18,24.04,Low,2
ENV_SAMP_0784,19.44043,73.55261,22.54,7.82,7.58,4.44,34.0,669.18,95.12,13.63,1.92,0.43,2.46,26.33,Medium,3
ENV_SAMP_1990,19.56009,105.50874,29.89,7.62,15.82,8.64,32.35,1050.05,157.74,13.5,3.3,1.17,5.66,36.55,Medium,3
ENV_SAMP_0190,-5.89669,-116.74285,28.05,7.55,2.25,5.58,34.31,1569.29,280.2,4.26,0.79,1.29,7.65,44.03,Medium,3
ENV_SAMP_1628,34.56271,-119.51311,28.12,7.73,9.91,4.11,35.76,1547.74,237.86,3.25,2.32,0.56,3.46,38.22,Medium,3
ENV_SAMP_1813,36.64166,106.86558,15.49,7.52,9.65,7.28,31.11,2700.27,460.73,0.94,1.43,2.03,2.21,52.57,High,1
ENV_SAMP_0299,33.16865,-78.69504,16.06,7.57,17.06,7.78,31.72,1106.61,183.38,20.54,1.39,1.7,7.66,36.05,Medium,3
ENV_SAMP_1401,-6.77828,104.8704,23.06,7.78,7.12,5.92,35.61,1653.17,261.6,3.2,2.58,1.16,5.17,43.72,Medium,3
ENV_SAMP_1577,37.14562,107.77654,27.47,7.42,0.84,5.68,30.55,927.79,166.78,9.3,0.69,1.07,5.67,31.47,Medium,3
ENV_SAMP_0616,35.47274,71.77207,20.41,7.44,15.83,4.99,30.69,1183.03,189.81,13.35,1.11,2.0,7.33,49.42,Medium,3
ENV_SAMP_1695,35.04462,138.65105,24.65,7.67,1.01,5.51,32.41,262.7,43.82,52.02,0.47,1.42,1.41,16.25,Low,2
ENV_SAMP_0767,1.5263,107.08983,24.68,8.47,29.78,7.66,31.76,1406.45,164.86,6.73,1.96,1.45,4.11,34.11,Medium,3
ENV_SAMP_2064,-5.95531,72.85707,25.99,8.3,7.1,4.58,36.46,853.89,148.94,25.28,3.07,0.12,6.64,38.04,Medium,3
ENV_SAMP_0057,18.74547,80.9245,19.81,7.81,5.7,6.33,35.9,1331.54,225.33,4.97,2.13,1.42,5.58,38.14,Medium,3
ENV_SAMP_1128,11.59877,72.02905,31.18,7.24,8.86,5.38,36.33,2179.41,365.35,2.54,1.73,0.08,8.8,54.61,High,1
ENV_SAMP_0004,37.15733,102.38212,22.98,7.85,21.62,5.32,33.56,1181.89,182.83,18.49,2.48,1.44,7.31,38.84,Medium,3
ENV_SAMP_0431,-5.44209,140.56409,23.1,7.83,19.73,7.08,29.4,1402.32,212.65,7.29,0.7,0.57,6.31,38.75,Medium,3
ENV_SAMP_2187,36.55567,72.18672,23.21,7.43,20.58,8.02,32.69,1433.49,217.36,9.99,1.26,0.53,8.17,39.42,Medium,3
ENV_SAMP_1718,24.8852,102.35552,25.68,7.48,5.22,5.23,33.96,483.0,84.71,75.94,0.22,1.72,3.75,24.76,Low,2
ENV_SAMP_0333,27.08759,108.20181,25.81,7.37,2.88,6.32,33.59,1086.3,211.49,16.01,1.19,1.81,9.17,37.66,Medium,3
ENV_SAMP_0490,36.16745,107.9168,27.44,8.48,24.73,2.2,34.91,1744.53,256.08,6.04,0.3,0.37,8.48,53.02,High,1
ENV_SAMP_0365,33.79355,141.0319,20.59,7.79,0.55,6.25,32.57,532.43,95.06,41.03,3.97,2.08,4.26,22.51,Low,2
ENV_SAMP_0548,35.46695,107.12241,22.36,7.61,1.24,6.84,35.73,977.43,199.29,27.94,1.22,0.43,9.31,32.96,Medium,3
ENV_SAMP_1373,35.34763,79.23189,29.24,7.53,3.51,5.51,36.69,751.05,141.68,41.86,1.96,1.21,6.79,28.65,Medium,3
ENV_SAMP_1863,12.81213,103.78208,23.31,8.11,9.66,9.04,32.39,2767.44,483.32,1.18,2.55,0.71,6.1,57.41,High,1
ENV_SAMP_1617,26.28728,-118.21317,27.22,8.59,25.98,5.45,38.95,1098.4,154.79,53.07,1.5,1.02,6.98,39.02,Medium,3
ENV_SAMP_1075,-5.12843,80.97575,23.49,7.76,6.78,6.62,32.97,973.02,148.87,6.36,0.55,1.93,2.91,23.08,Low,2
ENV_SAMP_0742,0.2197,80.26255,23.4,7.78,16.29,6.94,35.95,1842.14,287.24,3.97,2.64,0.45,7.91,46.64,Medium,3
ENV_SAMP_0875,0.78949,139.88723,25.05,8.33,4.57,2.51,29.69,3500.0,500.0,0.2,0.77,1.21,3.01,67.23,High,1
ENV_SAMP_2385,36.20211,-117.61739,21.43,7.73,2.32,9.53,35.61,825.67,125.58,6.17,3.18,1.73,1.14,18.6,Low,2
ENV_SAMP_1521,35.06171,106.04177,21.8,7.76,6.0,8.32,35.01,488.92,77.16,51.65,1.89,0.26,3.15,20.07,Low,2
ENV_SAMP_2228,34.42056,-116.88581,28.05,7.36,11.53,7.29,38.37,1588.64,232.33,2.7,1.76,1.87,2.47,36.22,Medium,3
ENV_SAMP_0165,34.92253,105.49816,26.66,7.64,7.91,9.96,32.78,798.93,123.34,21.5,1.19,0.15,5.32,25.02,Medium,3
ENV_SAMP_1419,-4.74258,-79.88452,29.5,8.49,10.71,7.0,32.81,1332.52,214.86,6.8,3.0,1.27,6.81,41.69,Medium,3
ENV_SAMP_2123,17.88838,81.37543,32.99,7.78,9.67,12.0,30.76,481.54,54.6,16.55,1.69,0.71,0.67,6.13,Low,2
ENV_SAMP_2353,34.88676,72.75578,25.55,7.93,2.89,6.97,34.6,478.82,74.8,17.96,3.11,0.41,1.9,15.89,Low,2
ENV_SAMP_1354,-5.3975,-118.66339,26.49,7.71,7.29,6.76,37.67,809.96,101.32,8.44,0.58,1.37,1.64,25.17,Medium,3
ENV_SAMP_0975,-5.46446,106.28369,27.54,7.5,18.9,7.35,34.43,1357.21,170.5,3.97,1.43,1.51,1.57,31.4,Medium,3
ENV_SAMP_1309,24.3009,106.65407,28.47,7.54,27.08,6.87,34.19,3500.0,500.0,0.55,0.55,0.21,7.94,71.93,High,1
ENV_SAMP_1029,35.84898,71.94807,22.84,7.66,5.98,6.05,31.82,1352.57,231.52,5.25,1.33,0.65,6.38,39.24,Medium,3
ENV_SAMP_0408,14.41534,74.03113,19.64,8.35,25.02,6.38,32.13,1270.99,152.41,5.94,0.96,2.01,2.56,31.63,Medium,3
ENV_SAMP_1735,13.44111,-79.06675,22.58,7.79,26.52,6.33,35.35,844.95,70.19,14.56,0.19,0.65,1.05,27.53,Medium,3
ENV_SAMP_0831,2.5949,138.66862,23.06,7.69,8.04,5.58,33.32,979.88,150.73,12.95,3.98,0.62,5.53,29.36,Medium,3
ENV_SAMP_0873,0.68439,106.14383,28.05,7.03,13.02,5.32,34.31,1254.91,211.14,17.62,2.34,1.4,9.4,46.19,Medium,3
ENV_SAMP_0445,24.30652,-81.66887,22.12,7.33,6.11,3.6,31.27,1038.96,170.2,9.33,3.24,0.34,5.85,37.88,Medium,3
ENV_SAMP_1999,14.48885,140.67909,17.15,8.24,14.0,7.48,33.06,3500.0,500.0,0.34,1.28,2.18,9.11,68.48,High,1
ENV_SAMP_1488,1.55068,104.86883,21.97,7.47,6.47,6.96,37.9,878.04,160.85,47.14,1.22,1.09,7.63,26.78,Medium,3
ENV_SAMP_0956,26.62848,106.45518,20.89,7.11,3.68,7.62,34.9,1680.6,269.65,2.17,3.31,0.11,2.0,36.12,Medium,3
ENV_SAMP_0492,-6.52773,103.48089,16.78,7.72,2.08,6.71,35.03,1016.1,209.02,18.7,0.78,1.32,8.91,28.73,Medium,3
ENV_SAMP_2198,13.7434,104.93469,18.97,7.36,18.32,5.77,38.81,1301.58,171.56,5.94,0.6,1.1,3.87,41.99,Medium,3
ENV_SAMP_0551,26.46869,102.55504,19.13,7.63,66.5,7.74,35.88,1424.58,87.01,32.46,1.24,0.85,3.07,41.47,Medium,3
ENV_SAMP_0576,24.30723,-79.79665,24.32,8.19,9.97,6.3,32.74,2753.08,481.31,1.25,2.87,1.69,6.78,56.66,High,1
ENV_SAMP_0050,33.60781,72.72033,17.06,7.67,8.94,2.14,31.79,944.48,174.75,39.62,5.06,1.02,8.14,39.88,Medium,3
ENV_SAMP_0567,-6.78791,-118.3351,24.5,7.56,32.17,6.87,33.83,1947.79,248.2,4.26,1.65,1.87,6.46,48.35,Medium,3
ENV_SAMP_0516,1.20233,140.08636,32.45,7.94,33.08,3.3,32.42,658.86,42.67,44.89,0.29,0.42,0.64,32.24,Medium,3
ENV_SAMP_1891,12.27552,-117.07718,22.04,7.57,14.68,6.55,35.03,986.88,157.54,18.12,2.62,2.15,6.49,38.58,Medium,3
ENV_SAMP_2148,1.10487,-117.16377,26.17,8.45,3.39,5.42,30.76,2081.42,359.23,2.08,0.89,0.27,6.35,44.0,Medium,3
ENV_SAMP_1520,25.11009,107.7837,26.49,7.7,15.84,7.36,37.37,594.85,73.96,64.49,2.31,2.07,3.28,21.1,Low,2
ENV_SAMP_0703,0.6641,73.92953,32.26,7.53,8.37,6.85,35.82,2790.01,483.27,1.26,1.56,1.85,7.65,66.2,High,1
ENV_SAMP_0294,25.02007,139.37977,22.49,8.13,9.62,5.58,34.67,623.78,63.98,10.1,1.87,0.55,0.23,19.93,Low,2
ENV_SAMP_1527,36.40688,103.10193,27.96,7.9,25.36,4.49,36.15,1568.3,220.62,8.6,1.89,1.63,8.48,42.52,Medium,3
ENV_SAMP_1860,26.86752,-81.44179,24.29,8.15,28.39,4.28,38.37,632.63,40.51,25.88,1.0,0.77,0.25,20.75,Low,2
ENV_SAMP_0090,35.42341,71.3933,22.48,7.53,1.16,5.45,36.18,467.8,91.28,23.82,5.57,0.14,2.79,21.47,Low,2
ENV_SAMP_1686,12.56226,102.31874,24.19,7.79,30.46,4.51,32.67,2024.8,274.63,3.31,0.91,1.61,5.68,53.33,High,1
ENV_SAMP_0484,36.21242,80.2701,20.57,8.24,27.87,11.56,35.86,891.55,88.16,33.13,0.72,1.68,3.79,19.26,Low,2
ENV_SAMP_0874,-7.27323,-80.12942,26.64,7.62,6.2,5.37,31.41,699.29,120.47,16.83,0.91,1.83,3.89,27.41,Medium,3
ENV_SAMP_0338,36.59753,73.23368,26.87,8.19,4.32,8.62,31.01,1115.2,206.79,12.94,0.97,1.71,8.35,33.41,Medium,3
ENV_SAMP_0199,19.21335,72.67702,25.93,8.2,0.76,9.11,29.17,3020.09,500.0,0.78,0.47,0.67,5.32,52.43,High,1
ENV_SAMP_1943,1.16594,81.33984,24.48,7.3,11.31,8.04,36.19,1711.06,266.75,2.83,0.72,0.52,4.14,35.44,Medium,3
ENV_SAMP_1484,12.60554,-118.1872,24.67,7.63,21.76,8.16,36.25,549.46,39.9,50.65,2.79,0.51,0.9,19.63,Low,2
ENV_SAMP_2139,25.26098,80.94643,22.9,8.04,0.5,5.61,37.15,266.31,51.95,57.6,0.69,1.46,1.98,17.74,Low,2
ENV_SAMP_0611,0.18019,138.28454,29.6,7.95,25.83,7.85,34.23,1025.58,121.43,26.56,0.66,0.45,5.15,29.41,Medium,3
ENV_SAMP_0646,17.76958,-117.94192,26.86,6.91,9.61,7.52,29.62,849.23,138.23,20.78,3.35,1.43,5.8,26.36,Medium,3
ENV_SAMP_1604,11.63003,79.21104,24.1,7.42,8.46,4.9,32.77,1381.79,209.54,5.66,1.78,0.36,6.23,40.58,Medium,3
ENV_SAMP_0174,2.48395,105.00923,19.11,7.94,6.8,9.67,34.88,1307.77,224.25,6.82,2.0,0.55,7.21,31.33,Medium,3
ENV_SAMP_1025,35.79335,-80.17946,30.26,8.05,7.86,7.56,30.81,540.76,78.6,25.54,2.44,0.34,2.52,17.51,Low,2
ENV_SAMP_2068,25.1071,-80.38867,21.94,7.79,4.18,7.5,32.03,1023.19,180.69,19.78,0.4,1.43,8.07,33.68,Medium,3
ENV_SAMP_1182,35.81675,81.49325,26.74,8.05,0.5,7.47,33.2,676.87,128.93,19.54,0.41,1.06,5.29,23.89,Low,2
ENV_SAMP_1136,-7.42041,73.61884,27.97,7.21,8.03,4.57,32.83,541.95,90.71,32.18,2.8,0.69,3.0,21.98,Low,2
ENV_SAMP_2320,-6.34917,72.26704,29.06,7.44,3.03,6.45,34.6,865.4,167.27,19.99,0.46,0.1,6.9,29.96,Medium,3
ENV_SAMP_1462,33.15231,81.1352,28.19,7.08,23.35,6.48,39.38,725.82,57.11,13.11,0.56,1.09,0.14,22.4,Low,2
ENV_SAMP_1010,19.89072,138.63643,27.08,7.43,29.82,5.98,34.17,826.18,72.09,47.02,3.42,1.97,2.9,32.92,Medium,3
ENV_SAMP_0582,19.10491,-80.82169,27.97,7.25,13.8,6.62,27.11,3500.0,500.0,0.31,3.12,1.59,1.36,61.82,High,1
ENV_SAMP_2205,0.68891,-116.91455,21.94,7.73,8.92,8.94,29.71,890.62,119.77,9.04,6.0,1.26,3.09,20.32,Low,2
ENV_SAMP_0997,12.84228,73.36445,22.77,7.92,1.65,6.15,32.62,330.57,48.45,18.03,0.66,1.13,0.26,12.19,Low,2
ENV_SAMP_1382,34.58706,-118.01479,26.31,7.42,9.33,3.92,29.35,522.18,73.71,14.13,1.35,0.29,0.81,25.84,Medium,3
ENV_SAMP_2038,34.75948,139.69552,18.43,8.81,14.51,5.36,35.01,434.73,43.22,97.48,1.32,0.52,1.54,19.6,Low,2
ENV_SAMP_1338,13.04711,104.93729,26.56,6.97,19.55,6.09,35.11,3396.33,500.0,0.49,0.75,0.55,0.67,67.27,High,1
ENV_SAMP_0882,18.92844,78.91167,25.52,7.83,13.99,7.6,37.42,2002.28,321.57,2.85,0.39,1.01,7.28,49.34,Medium,3
ENV_SAMP_1524,13.45599,-80.74514,20.89,7.68,18.68,4.22,34.78,1404.43,186.09,4.67,1.57,0.73,3.55,42.79,Medium,3
ENV_SAMP_1590,0.84596,-81.21323,22.97,7.02,3.49,6.9,34.19,870.15,169.16,29.15,5.2,1.24,7.59,33.25,Medium,3
ENV_SAMP_1243,-5.74872,79.78908,21.96,7.97,12.52,7.66,36.87,689.52,96.41,28.57,1.26,0.64,3.92,22.78,Low,2
ENV_SAMP_1003,34.40772,81.37461,21.97,7.75,2.03,10.68,32.86,1747.17,296.97,2.14,3.41,0.06,3.35,33.34,Medium,3
ENV_SAMP_0489,18.72986,73.27479,22.8,7.62,8.12,3.12,34.52,893.56,115.27,7.68,0.55,1.03,2.15,31.16,Medium,3
ENV_SAMP_0598,1.70558,105.96039,24.84,7.41,5.94,10.56,38.17,1738.18,295.17,2.93,2.02,1.72,5.78,38.04,Medium,3
ENV_SAMP_1518,20.04456,79.44845,21.49,7.33,1.44,5.5,33.87,1327.57,250.42,8.72,0.96,1.66,9.56,39.68,Medium,3
ENV_SAMP_0891,33.11818,-118.58868,33.06,8.16,16.3,6.8,35.24,3500.0,500.0,0.37,2.86,1.65,5.61,63.92,High,1
ENV_SAMP_1599,2.04073,72.98305,24.11,7.46,6.94,9.29,36.26,1231.69,212.86,12.45,1.78,1.27,9.07,33.99,Medium,3
ENV_SAMP_1231,19.86749,-79.77954,23.47,7.79,11.63,5.21,35.72,991.49,161.71,34.27,0.47,2.03,7.81,34.14,Medium,3
ENV_SAMP_0669,33.85618,-117.87309,24.7,8.03,28.76,5.83,33.25,697.54,48.44,53.71,1.29,1.34,1.48,28.72,Medium,3
ENV_SAMP_0084,25.47725,107.69899,21.98,7.47,15.3,5.0,35.82,1328.92,202.54,9.17,4.19,1.05,7.43,40.01,Medium,3
ENV_SAMP_0641,34.41567,72.87789,23.81,8.22,12.66,5.39,35.45,876.65,140.67,24.14,1.15,1.11,5.82,31.26,Medium,3
ENV_SAMP_0455,12.93144,139.22292,19.99,8.0,37.76,10.63,37.38,1276.73,151.49,24.0,0.17,1.45,5.94,34.02,Medium,3
ENV_SAMP_0787,35.30959,140.1909,23.38,7.08,7.26,3.46,36.88,744.61,109.99,13.39,0.66,1.74,3.44,35.15,Medium,3
ENV_SAMP_2435,-6.57244,73.6188,20.01,7.78,24.77,5.62,32.48,1508.8,214.83,10.15,0.53,0.53,8.91,51.7,High,1
ENV_SAMP_0895,13.52255,103.56844,17.81,8.03,6.77,6.84,30.21,1215.72,185.15,4.12,1.23,0.94,2.33,32.58,Medium,3
ENV_SAMP_0176,33.29139,-118.42405,26.87,7.8,5.96,4.72,31.88,2393.03,412.82,1.65,0.53,0.06,6.85,55.51,High,1
ENV_SAMP_0613,1.74493,73.26926,24.5,7.58,20.74,4.14,30.97,1261.49,190.93,12.44,2.7,0.39,7.33,40.86,Medium,3
ENV_SAMP_1302,13.07691,-118.24741,20.03,8.69,10.74,7.13,35.83,3500.0,500.0,0.68,0.53,0.18,8.52,69.54,High,1
ENV_SAMP_1319,20.00677,104.73507,18.87,8.49,6.1,5.64,33.68,999.99,196.98,23.99,0.78,0.35,8.85,37.23,Medium,3
ENV_SAMP_1693,-5.93104,81.52088,18.85,8.27,1.06,7.68,36.34,1322.95,256.55,9.2,0.87,1.19,9.93,38.38,Medium,3
ENV_SAMP_0691,0.50912,-81.40008,22.25,8.56,6.58,6.43,31.17,1821.93,312.63,3.27,1.62,0.42,8.05,47.58,Medium,3
ENV_SAMP_0481,1.4941,105.26121,23.54,8.04,3.42,4.83,29.7,880.87,160.22,19.5,0.28,1.18,7.13,30.95,Medium,3
ENV_SAMP_0527,33.38537,105.87365,17.34,7.4,4.43,9.88,32.86,1054.31,190.08,16.17,0.92,1.03,8.04,29.5,Medium,3
ENV_SAMP_1864,2.30287,106.65583,24.3,8.24,9.24,5.63,34.91,576.26,68.75,13.14,0.9,0.16,1.02,20.14,Low,2
ENV_SAMP_1786,18.26384,79.28705,10.18,7.71,15.66,8.2,35.47,1134.91,178.95,12.28,1.22,1.06,6.59,32.77,Medium,3
ENV_SAMP_0755,20.36697,73.8249,27.31,7.56,12.1,5.64,36.36,1099.64,164.74,6.75,1.26,0.97,3.9,30.79,Medium,3
ENV_SAMP_0591,36.20838,79.4321,22.56,8.39,26.78,4.8,37.51,1488.85,176.95,3.93,1.71,2.07,1.62,34.88,Medium,3
ENV_SAMP_2339,32.91224,-118.0011,30.3,7.38,2.75,6.23,33.68,401.46,67.85,21.21,1.49,0.61,1.13,13.44,Low,2
ENV_SAMP_1291,11.96332,-116.89641,27.47,7.56,6.69,7.01,32.61,355.02,54.01,68.82,2.98,0.08,1.93,16.27,Low,2
ENV_SAMP_0974,-5.00677,-118.05416,29.96,7.43,46.41,2.7,37.76,1566.24,177.71,15.97,3.01,1.05,6.68,53.01,High,1
ENV_SAMP_0391,24.99119,106.02818,30.62,7.92,27.52,9.19,32.84,1097.56,141.47,18.05,1.92,1.2,5.48,28.2,Medium,3
ENV_SAMP_1251,33.78412,-80.24136,17.51,7.48,0.5,9.45,34.46,998.2,184.82,10.0,0.66,0.59,6.54,22.06,Low,2
ENV_SAMP_1271,-5.18054,104.32848,18.64,7.6,2.76,10.2,35.29,564.55,87.0,13.13,4.38,0.83,1.87,11.09,Low,2
ENV_SAMP_0241,26.13561,80.54809,32.0,7.94,3.98,4.69,32.52,920.07,163.1,20.41,3.11,0.94,7.2,34.8,Medium,3
ENV_SAMP_1811,11.84446,140.65141,13.91,7.56,25.65,3.4,34.03,1966.97,302.26,4.66,0.27,1.66,9.7,58.2,High,1
ENV_SAMP_2393,35.35193,80.4616,27.01,7.79,2.24,4.35,37.44,1001.76,155.81,4.34,1.6,1.73,1.14,26.1,Medium,3
ENV_SAMP_0213,18.00183,139.711,26.61,7.66,0.97,7.52,28.91,3072.37,500.0,0.9,0.79,0.45,7.83,57.89,High,1
ENV_SAMP_0400,13.61694,-80.41565,31.16,6.9,8.25,5.26,35.98,1631.1,288.3,4.04,0.69,1.98,8.36,41.74,Medium,3
ENV_SAMP_1847,34.34849,-78.94642,26.56,8.48,14.48,6.47,33.36,3500.0,500.0,0.2,3.56,0.62,7.63,73.52,High,1
ENV_SAMP_1797,20.18375,-79.36725,22.3,7.11,20.61,5.77,31.36,3500.0,500.0,0.61,1.35,0.68,9.84,78.38,Critical,0
ENV_SAMP_0749,25.79045,103.16827,16.87,8.24,56.04,6.68,34.79,2123.11,255.86,8.11,5.37,0.41,9.51,59.68,High,1
ENV_SAMP_1449,34.58518,105.71487,22.86,7.06,0.5,9.05,32.31,3451.04,500.0,0.61,0.4,1.33,7.37,61.69,High,1
ENV_SAMP_2100,36.67881,-117.47917,24.38,7.7,5.33,8.98,35.12,2869.69,500.0,1.27,0.71,0.47,9.38,61.61,High,1
ENV_SAMP_1664,34.45393,81.27767,21.26,7.84,48.91,9.26,33.34,3470.9,500.0,1.2,0.43,1.49,7.51,72.82,High,1
ENV_SAMP_0166,24.74845,139.52851,25.58,8.33,2.45,6.45,34.23,998.49,199.25,37.53,1.97,0.97,9.76,32.85,Medium,3
ENV_SAMP_0203,-5.95345,72.31723,23.76,7.43,22.92,7.03,38.01,2079.89,305.53,2.88,1.0,0.06,6.55,48.38,Medium,3
ENV_SAMP_0499,19.19494,104.19031,23.11,6.96,0.5,7.28,37.87,594.54,97.69,15.95,0.89,1.56,3.42,21.77,Low,2
ENV_SAMP_1564,-0.00908,-118.91775,27.19,8.58,10.61,8.07,34.59,946.77,166.42,26.08,0.55,1.96,7.42,34.05,Medium,3
ENV_SAMP_0316,13.08024,102.54223,27.26,8.73,1.68,3.8,31.67,1074.48,216.66,19.48,0.74,1.98,9.68,39.89,Medium,3
ENV_SAMP_1822,20.36747,107.17307,25.44,7.69,4.09,8.53,33.49,676.73,107.19,12.04,0.38,0.66,2.78,20.55,Low,2
ENV_SAMP_1730,14.31518,-78.77112,26.15,7.37,20.76,7.08,30.63,1798.7,248.13,3.36,0.79,2.13,5.29,41.47,Medium,3
ENV_SAMP_1441,-7.05525,-118.91676,22.94,7.86,7.37,8.14,33.64,1429.55,220.67,3.54,1.55,0.37,3.4,30.66,Medium,3
ENV_SAMP_2172,18.42942,103.77493,29.78,8.12,9.16,6.33,31.87,709.1,95.93,11.8,1.25,0.29,1.91,21.61,Low,2
ENV_SAMP_0883,33.14547,105.86932,28.72,8.33,3.09,8.97,32.56,3500.0,500.0,0.2,1.86,0.44,3.97,60.44,High,1
ENV_SAMP_1368,35.47642,139.6846,28.79,7.16,25.6,8.75,38.71,2118.38,309.93,3.68,1.62,0.07,8.83,49.27,Medium,3
ENV_SAMP_1721,33.50923,-117.83861,22.72,7.21,16.4,4.82,32.22,1418.27,200.15,5.36,1.52,1.23,4.93,36.96,Medium,3
ENV_SAMP_2149,-6.77176,104.39015,26.8,7.65,4.17,6.47,33.95,1769.88,293.84,2.92,1.96,1.33,6.33,45.53,Medium,3
ENV_SAMP_2069,34.42286,72.43738,26.67,7.3,9.8,6.73,32.17,1231.88,206.68,10.3,2.18,0.99,8.0,40.13,Medium,3
ENV_SAMP_0135,-5.30736,73.9687,28.47,7.31,49.27,5.35,32.16,1508.81,154.29,18.47,0.73,0.44,6.21,47.33,Medium,3
ENV_SAMP_1859,-6.3462,107.96496,26.54,7.67,0.5,8.41,37.76,1345.08,224.83,3.72,1.59,0.34,4.19,31.83,Medium,3
ENV_SAMP_1139,0.51535,-80.61063,23.86,7.95,8.29,6.45,36.32,3343.69,500.0,0.91,0.66,2.06,9.85,70.84,High,1
ENV_SAMP_2480,34.677,73.5158,25.38,7.92,1.17,6.16,35.95,701.99,128.43,20.64,0.49,0.78,5.22,23.5,Low,2
ENV_SAMP_0206,0.07213,-118.40548,25.82,8.2,0.5,8.12,34.36,874.98,174.72,21.14,1.19,1.71,7.68,29.82,Medium,3
ENV_SAMP_0841,-6.03063,72.53855,26.66,7.9,20.06,4.2,35.58,1213.85,198.06,27.17,2.27,0.86,8.83,42.46,Medium,3
ENV_SAMP_0951,36.27912,105.28788,28.74,8.18,8.25,7.06,33.91,1326.58,231.94,6.31,3.82,0.56,7.51,38.16,Medium,3
ENV_SAMP_1988,34.51418,103.97103,31.41,7.94,5.93,10.3,33.87,1752.92,273.1,2.23,0.24,2.08,2.41,31.32,Medium,3
ENV_SAMP_1103,24.41717,81.7684,27.38,7.77,3.69,9.76,34.69,352.45,57.52,39.71,1.99,0.77,1.53,13.28,Low,2
ENV_SAMP_2394,-7.30682,80.31933,28.98,7.12,13.92,8.35,40.03,813.63,136.23,68.54,1.78,1.1,5.82,22.95,Low,2
ENV_SAMP_0356,14.29068,-81.68303,27.25,7.85,27.42,5.24,33.15,921.41,106.61,72.92,1.11,1.9,4.87,34.78,Medium,3
ENV_SAMP_0666,19.89773,-118.94131,19.7,8.37,3.45,9.11,35.92,711.25,112.94,14.73,3.31,1.94,3.79,19.51,Low,2
ENV_SAMP_2495,25.30158,104.82565,24.25,8.21,1.96,6.51,31.32,1338.72,246.09,6.47,2.99,1.16,8.46,39.89,Medium,3
ENV_SAMP_0426,0.5157,139.00429,22.61,8.09,18.55,5.55,29.63,1251.97,183.23,8.54,4.33,0.07,5.75,38.55,Medium,3
ENV_SAMP_0375,36.76892,81.22492,21.07,7.71,4.52,7.29,37.76,776.9,124.92,10.04,1.0,1.96,2.91,27.83,Medium,3
ENV_SAMP_0671,34.55793,79.3896,12.83,7.66,31.34,6.49,31.58,1596.12,218.31,10.75,0.56,1.38,9.0,45.57,Medium,3
ENV_SAMP_1575,35.91886,103.9036,26.62,7.64,7.92,8.66,34.55,1494.71,279.17,6.03,1.6,0.4,9.25,38.57,Medium,3
ENV_SAMP_2086,32.81133,-79.02638,22.19,7.5,0.5,4.75,30.91,858.97,180.4,68.04,1.19,1.32,8.97,33.72,Medium,3
ENV_SAMP_2265,18.78272,140.83264,30.81,6.78,34.09,9.21,34.17,664.74,33.16,57.54,4.95,0.43,0.58,20.28,Low,2
ENV_SAMP_0727,-7.10226,140.5095,24.31,7.66,10.51,5.59,33.7,2869.46,500.0,1.25,0.39,0.45,8.72,65.93,High,1
ENV_SAMP_1838,1.93556,-116.79566,24.57,7.76,10.09,7.0,30.97,950.43,169.19,52.14,1.35,1.76,8.2,34.92,Medium,3
ENV_SAMP_1738,33.70782,103.08343,23.9,7.59,38.64,7.33,28.89,1192.44,98.07,11.46,3.42,1.84,2.45,32.17,Medium,3
ENV_SAMP_0925,26.15671,139.21284,20.24,7.93,17.58,6.04,34.25,668.7,77.07,48.45,6.0,0.3,3.62,25.19,Medium,3
ENV_SAMP_1135,12.16334,103.93024,25.38,7.04,18.47,6.32,32.25,1729.73,264.28,4.09,3.98,1.95,6.62,45.02,Medium,3
ENV_SAMP_2013,34.44979,140.22636,19.81,7.93,1.04,3.81,31.01,1033.64,162.76,4.44,0.66,1.02,1.62,27.48,Medium,3
ENV_SAMP_2478,27.11643,108.19971,24.92,7.48,63.7,4.81,27.76,1311.25,60.02,24.1,0.15,1.85,1.87,44.0,Medium,3
ENV_SAMP_0111,19.98055,107.50723,28.74,8.12,20.59,8.66,35.38,874.84,98.62,18.4,0.42,1.48,3.39,22.54,Low,2
ENV_SAMP_0323,32.63493,-119.52763,24.36,7.88,0.56,6.28,35.13,325.94,67.1,52.77,0.69,1.42,2.3,18.5,Low,2
ENV_SAMP_0684,14.53591,-118.39749,28.06,7.56,8.6,7.89,33.08,1020.91,174.52,14.41,1.42,1.44,7.03,33.17,Medium,3
ENV_SAMP_1931,11.63483,-81.60079,27.94,8.37,13.55,8.23,36.27,1221.91,212.34,21.22,1.05,1.06,9.62,42.28,Medium,3
ENV_SAMP_0024,0.82902,-81.29002,26.58,7.67,5.26,6.78,33.9,2926.37,500.0,0.74,4.39,1.54,2.76,53.08,High,1
ENV_SAMP_2221,19.74409,-80.81199,23.67,8.71,0.5,5.99,30.23,873.98,140.55,7.63,1.45,0.84,3.6,25.52,Medium,3
ENV_SAMP_1884,25.79894,-80.05083,25.02,7.64,45.82,7.9,32.42,1523.27,165.83,13.17,0.59,1.0,5.59,39.89,Medium,3
ENV_SAMP_1292,18.8971,138.39791,19.14,7.94,17.85,5.21,31.04,749.1,95.53,41.1,3.83,0.71,4.18,27.16,Medium,3
ENV_SAMP_1420,-7.69944,-81.4965,20.57,7.5,2.13,3.72,38.36,906.68,182.69,23.64,1.03,0.89,7.81,32.05,Medium,3
ENV_SAMP_1967,11.99701,102.76437,22.37,8.27,18.68,5.62,33.56,2042.65,290.39,1.77,3.2,1.11,1.24,46.52,Medium,3
ENV_SAMP_0833,20.3371,-119.70997,21.96,8.36,32.96,8.63,34.29,870.72,70.94,16.78,1.14,1.9,1.01,22.13,Low,2
ENV_SAMP_0232,11.58606,106.88268,25.85,7.74,4.61,7.15,36.8,2052.08,361.84,2.54,0.74,0.85,8.79,52.93,High,1
ENV_SAMP_2288,11.8871,78.89285,24.72,7.83,1.45,7.04,29.85,949.53,190.25,20.25,0.64,2.07,8.52,34.15,Medium,3
ENV_SAMP_0625,33.90873,-80.66559,36.0,8.07,3.92,7.67,37.32,483.95,73.44,17.92,0.54,0.44,1.7,13.08,Low,2
ENV_SAMP_1923,-6.50407,105.57896,31.08,7.38,3.74,4.59,33.18,1312.91,235.85,8.7,0.55,0.15,9.26,41.28,Medium,3
ENV_SAMP_1391,13.16914,-81.22497,29.09,7.41,2.67,5.85,33.6,2322.78,403.57,1.84,0.38,1.46,8.15,58.24,High,1
ENV_SAMP_0597,18.68446,105.46468,27.19,7.73,2.87,7.08,33.98,813.86,133.61,7.87,2.19,1.08,2.48,19.12,Low,2
ENV_SAMP_0185,36.53459,107.93855,27.7,8.09,61.91,5.7,31.42,3500.0,500.0,0.2,2.54,0.32,9.2,80.92,Critical,0
ENV_SAMP_0652,35.97033,140.192,34.03,7.71,18.27,6.96,28.21,704.24,72.08,14.9,0.69,0.36,0.71,22.06,Low,2
ENV_SAMP_1227,32.95524,107.58254,30.19,8.56,9.33,9.58,34.73,1629.76,279.37,4.71,0.77,0.56,8.48,42.0,Medium,3
ENV_SAMP_0469,35.22983,79.1832,26.35,6.74,39.95,8.85,35.44,1648.99,185.74,7.5,1.21,0.84,5.77,44.96,Medium,3
ENV_SAMP_1076,14.04128,107.73201,24.32,7.56,5.27,2.84,37.57,1311.77,234.0,6.96,2.38,1.42,7.77,42.0,Medium,3
ENV_SAMP_0077,26.94812,140.32348,25.61,7.6,27.45,9.86,36.98,1391.03,149.93,4.2,0.37,2.16,0.86,30.34,Medium,3
ENV_SAMP_0478,32.69597,-80.2406,32.96,7.74,4.94,7.73,35.83,629.95,107.48,21.53,1.03,0.09,3.92,19.04,Low,2
ENV_SAMP_0756,34.77481,-79.64002,29.22,8.08,28.25,10.26,34.2,1215.14,146.66,21.6,0.23,1.89,6.65,31.42,Medium,3
ENV_SAMP_0225,0.96978,-81.02097,23.22,7.56,1.34,8.73,34.45,1253.99,201.82,3.56,0.83,0.09,2.49,28.19,Medium,3
ENV_SAMP_2474,2.52132,80.64312,28.5,6.99,18.05,3.27,35.22,2323.31,362.45,2.68,0.98,1.39,9.35,64.53,High,1
ENV_SAMP_1255,-5.27973,107.64732,27.83,8.5,20.23,8.0,33.18,1164.65,182.42,34.49,6.0,0.34,8.48,40.9,Medium,3
ENV_SAMP_2016,34.78715,-79.57203,29.49,8.52,9.63,4.97,31.81,1054.83,145.36,5.76,0.46,1.17,2.16,29.23,Medium,3
ENV_SAMP_2012,26.1457,71.59798,30.66,8.29,16.28,8.64,33.85,1224.42,183.22,9.0,2.63,0.74,6.0,30.39,Medium,3
ENV_SAMP_1812,24.84361,104.06296,19.12,7.27,5.2,6.71,32.69,1797.27,313.96,3.91,1.42,0.86,9.6,47.01,Medium,3
ENV_SAMP_1035,34.68034,108.18331,29.5,7.17,39.62,7.39,34.66,1170.17,105.54,13.52,3.02,1.73,2.64,38.28,Medium,3
ENV_SAMP_1922,35.20951,-117.5054,23.86,7.94,13.9,6.76,36.87,1594.44,266.88,7.02,3.84,0.35,9.88,45.84,Medium,3
ENV_SAMP_2444,34.66685,81.32729,20.22,7.92,5.62,6.38,33.84,1021.96,181.48,14.04,0.79,2.08,7.24,32.65,Medium,3
ENV_SAMP_1063,-6.05759,106.90813,23.68,7.75,0.5,5.49,32.06,3500.0,500.0,0.2,3.52,1.13,3.1,61.0,High,1
ENV_SAMP_0526,25.64934,72.51871,26.73,7.47,9.24,6.62,35.14,3155.52,500.0,0.7,0.94,2.01,3.29,59.42,High,1
ENV_SAMP_0820,-5.82103,-117.55023,24.58,7.24,7.71,3.77,40.87,1757.37,279.3,3.25,1.14,0.52,6.17,45.3,Medium,3
ENV_SAMP_1659,18.11825,139.36599,24.03,7.47,4.12,8.08,34.38,506.64,87.44,23.92,0.32,1.47,3.24,18.04,Low,2
ENV_SAMP_1473,33.73241,-119.57586,26.51,8.09,10.15,9.51,32.98,724.92,104.99,17.68,2.43,1.39,3.55,19.54,Low,2
ENV_SAMP_1258,2.18237,80.42207,20.59,8.26,20.34,8.43,35.99,1376.33,212.3,9.71,1.03,0.72,7.9,38.41,Medium,3
ENV_SAMP_0502,25.50491,-80.85857,24.14,7.46,45.72,5.9,28.9,1733.56,212.64,18.53,0.53,2.05,9.65,56.09,High,1
ENV_SAMP_1013,1.79471,103.6525,20.48,8.46,11.7,9.71,35.76,1883.33,299.34,3.49,0.32,0.07,7.85,45.67,Medium,3
ENV_SAMP_0454,14.52512,81.73547,18.03,7.88,0.82,3.0,36.82,997.89,154.48,5.43,1.93,1.59,2.4,26.12,Medium,3
ENV_SAMP_2439,0.83769,72.23489,23.7,7.51,7.74,7.95,33.75,930.41,152.66,14.04,4.17,0.45,5.67,30.24,Medium,3
ENV_SAMP_1903,2.10078,138.35801,25.23,6.97,12.15,10.44,37.49,466.57,49.41,18.09,0.55,1.28,0.43,15.08,Low,2
ENV_SAMP_1708,12.37799,140.67829,20.87,7.54,10.53,7.49,33.65,614.85,94.05,56.46,1.14,0.39,4.45,18.32,Low,2
ENV_SAMP_0947,13.33524,139.09884,27.26,8.05,1.53,8.52,35.52,711.21,145.07,37.98,0.87,0.63,6.67,17.68,Low,2
ENV_SAMP_0436,12.43653,74.06444,14.83,8.31,30.59,3.63,36.07,3500.0,500.0,0.43,1.92,0.4,7.24,76.51,Critical,0
ENV_SAMP_1209,0.68681,139.64114,23.3,7.59,0.95,3.92,31.42,1681.89,308.59,3.22,1.03,1.14,7.33,45.5,Medium,3
ENV_SAMP_2361,18.58644,-79.60552,29.91,7.39,5.17,9.99,34.75,820.84,130.65,12.4,0.89,2.19,4.09,24.63,Low,2
ENV_SAMP_0155,13.45509,138.71247,24.24,7.86,21.1,8.76,34.31,1108.42,142.19,10.98,2.57,0.52,4.63,31.18,Medium,3
ENV_SAMP_2156,34.3924,105.16802,24.07,7.29,6.24,4.52,37.18,1180.45,210.61,10.14,0.83,1.85,7.87,39.66,Medium,3
ENV_SAMP_0069,0.0057,105.69859,23.85,7.7,16.19,5.23,34.79,2159.76,324.31,1.47,1.57,1.47,0.28,47.71,Medium,3
ENV_SAMP_0563,34.57278,-80.31388,27.19,7.63,7.9,2.52,31.74,918.46,158.31,12.03,0.73,1.55,5.11,31.96,Medium,3
ENV_SAMP_0663,-5.89088,107.26918,30.83,8.38,0.5,6.82,36.88,839.24,168.15,19.85,1.07,0.96,7.03,26.01,Medium,3
ENV_SAMP_0425,35.20686,73.99706,28.88,7.01,13.51,5.93,37.55,1519.44,235.73,4.64,1.69,1.0,5.73,42.5,Medium,3
ENV_SAMP_1583,-6.22877,73.33854,21.84,8.01,0.51,4.87,35.29,1546.38,272.21,3.58,0.66,0.79,6.55,41.97,Medium,3
ENV_SAMP_1548,36.88829,-80.15795,23.06,7.92,15.82,9.02,30.12,978.65,143.94,15.41,1.72,0.3,5.53,30.06,Medium,3
ENV_SAMP_0540,35.57197,-117.63375,28.46,7.46,18.14,2.66,34.68,1105.72,132.29,5.92,2.92,2.1,1.47,35.35,Medium,3
ENV_SAMP_1951,20.55135,73.29833,30.84,8.35,1.4,7.63,34.06,1265.59,208.95,4.82,1.52,2.19,5.27,34.03,Medium,3
ENV_SAMP_0889,25.60634,105.35188,14.47,7.89,12.5,4.9,31.03,3500.0,500.0,0.49,1.33,0.56,5.18,68.19,High,1
ENV_SAMP_2226,34.3028,-79.49054,22.19,8.55,2.86,7.23,38.02,1033.04,154.77,4.99,0.72,1.11,2.23,26.73,Medium,3
ENV_SAMP_2463,2.81006,141.16214,28.66,8.24,19.5,5.24,35.72,1278.22,183.06,8.63,0.72,1.39,5.92,39.24,Medium,3
ENV_SAMP_1390,20.39473,139.43991,23.25,7.37,21.78,7.84,35.49,3036.22,500.0,0.86,0.45,2.19,3.26,62.44,High,1
ENV_SAMP_1834,17.78275,73.32781,30.1,6.87,4.07,4.23,32.19,3500.0,500.0,0.2,1.23,1.68,6.24,74.37,High,1
ENV_SAMP_0091,19.83149,106.81628,25.47,8.62,0.69,6.24,36.22,1107.39,203.93,9.78,0.66,0.22,7.58,34.32,Medium,3
ENV_SAMP_1522,35.80899,79.3719,17.09,7.48,15.34,8.16,33.15,777.38,88.02,8.04,1.36,1.77,0.36,15.89,Low,2
ENV_SAMP_0634,36.91064,80.47233,20.23,7.8,6.05,3.9,32.05,320.47,36.7,33.24,0.37,0.27,0.67,20.07,Low,2
ENV_SAMP_0635,26.1771,79.90102,28.22,7.72,10.59,6.91,31.95,1048.48,150.22,8.58,0.41,1.31,4.14,35.35,Medium,3
ENV_SAMP_1905,36.05399,139.79611,25.32,7.63,6.5,4.72,31.82,925.08,161.06,17.21,4.67,1.58,6.44,29.69,Medium,3
ENV_SAMP_0421,13.41401,-78.8315,18.45,7.84,9.84,4.5,34.23,857.98,133.35,14.92,1.26,0.33,4.66,31.58,Medium,3
ENV_SAMP_0791,-7.10148,139.13043,26.19,7.64,16.3,8.92,38.38,3079.86,500.0,1.05,0.26,0.95,7.4,66.65,High,1
ENV_SAMP_1754,-5.79179,-117.22494,15.93,7.32,21.44,2.58,34.05,1327.91,216.08,22.07,1.02,1.01,9.54,49.07,Medium,3
ENV_SAMP_1832,12.4989,-119.43716,24.16,8.02,14.52,10.36,27.84,1274.16,191.65,7.42,0.78,0.58,5.83,32.8,Medium,3
ENV_SAMP_0224,13.69138,138.41488,24.02,7.97,15.16,7.23,38.77,1678.7,225.37,2.3,2.1,0.6,0.31,31.71,Medium,3
ENV_SAMP_1793,-7.44723,81.52328,30.18,8.04,0.5,6.35,37.98,559.78,106.02,16.71,2.09,0.83,3.28,21.87,Low,2
ENV_SAMP_2387,33.56683,-79.27051,28.12,7.21,26.66,2.95,34.82,2064.74,302.86,3.37,1.71,0.35,7.57,61.0,High,1
ENV_SAMP_2297,35.10286,74.05192,16.13,7.8,2.58,3.1,32.72,3057.13,500.0,1.0,1.49,0.8,8.76,68.15,High,1
ENV_SAMP_1510,25.0022,107.40947,23.91,7.78,15.19,6.52,35.76,1039.71,161.44,12.43,0.8,1.65,5.57,33.75,Medium,3
ENV_SAMP_2468,35.64222,72.61564,36.0,7.95,14.32,7.34,35.06,3500.0,500.0,0.2,1.67,0.83,9.13,68.6,High,1
ENV_SAMP_0594,25.96845,73.77161,23.66,7.8,2.82,6.13,36.18,958.33,193.45,31.71,2.96,2.01,9.05,35.67,Medium,3
ENV_SAMP_1862,1.25394,139.07005,21.77,8.01,14.69,7.09,29.81,590.12,56.09,15.01,2.32,1.72,0.71,21.48,Low,2
ENV_SAMP_1364,18.40354,-80.8885,29.28,7.78,4.93,4.47,34.89,1171.47,214.53,19.19,0.62,0.94,9.97,42.73,Medium,3
ENV_SAMP_2346,18.85593,104.46697,24.97,7.8,7.65,4.27,32.73,1004.37,177.76,20.68,1.62,2.12,7.78,36.96,Medium,3
ENV_SAMP_0789,33.34611,-117.09954,25.0,7.17,9.31,9.86,35.18,542.34,64.77,21.53,1.95,1.01,1.91,17.11,Low,2
ENV_SAMP_0140,1.35326,74.32172,21.24,7.43,10.8,4.93,31.73,1817.65,283.14,2.24,0.6,0.17,2.62,37.24,Medium,3
ENV_SAMP_1045,-6.75024,72.16832,13.81,7.49,6.84,7.98,31.71,718.7,91.38,7.66,1.93,1.65,0.37,18.5,Low,2
ENV_SAMP_2173,35.73423,139.20316,17.6,7.78,33.6,9.69,34.99,1200.86,149.68,27.68,1.78,1.26,6.18,30.15,Medium,3
ENV_SAMP_0890,20.3097,-80.18651,27.8,8.09,5.61,6.49,31.46,1087.23,181.41,6.0,2.31,0.23,3.97,30.29,Medium,3
ENV_SAMP_0564,-0.13284,105.88489,30.79,7.31,7.96,4.09,33.62,1141.17,176.85,8.02,1.0,1.43,5.56,37.69,Medium,3
ENV_SAMP_2283,12.0738,-118.62137,20.94,8.2,8.98,6.22,35.11,1547.51,239.15,2.58,3.03,0.71,1.53,30.98,Medium,3
ENV_SAMP_0827,-7.0535,79.67787,22.61,8.01,11.17,8.77,32.21,1882.26,300.87,3.06,0.13,0.63,6.92,44.41,Medium,3
ENV_SAMP_0070,34.75336,79.46096,20.52,7.67,6.98,6.13,31.49,636.11,92.5,11.47,2.34,0.59,1.52,18.3,Low,2
ENV_SAMP_0940,11.8282,78.95733,24.65,8.54,6.28,4.07,37.29,1198.08,207.68,8.71,0.53,1.83,7.55,41.73,Medium,3
ENV_SAMP_1371,17.71428,102.70135,28.03,8.55,2.59,6.38,37.59,592.08,87.2,10.29,2.69,0.42,1.31,17.83,Low,2
ENV_SAMP_1901,-7.37591,104.39623,25.0,7.97,0.5,7.8,37.28,984.35,199.57,15.28,0.72,0.93,8.4,30.67,Medium,3
ENV_SAMP_2188,34.98472,79.92248,32.66,7.27,5.82,6.72,32.52,954.87,178.27,16.52,2.64,2.08,6.92,31.99,Medium,3
ENV_SAMP_1692,-5.91785,140.78029,28.56,7.5,34.99,7.8,39.84,3500.0,500.0,0.38,1.22,0.39,7.17,75.74,Critical,0
ENV_SAMP_2232,0.8618,-80.45371,25.26,7.72,36.85,5.2,33.59,1021.9,70.41,11.84,2.0,2.13,0.77,28.44,Medium,3
ENV_SAMP_0922,-4.8503,-78.98092,26.44,8.44,2.83,8.94,32.44,3500.0,500.0,0.2,0.67,2.0,2.47,57.62,High,1
ENV_SAMP_1015,19.61406,-78.9311,23.68,7.84,5.3,9.2,34.64,1836.02,313.58,3.17,1.45,0.96,7.89,41.13,Medium,3
ENV_SAMP_1705,26.85044,73.75586,22.12,7.79,4.47,5.15,32.23,3500.0,500.0,0.49,2.38,0.18,6.02,70.68,High,1
ENV_SAMP_1108,20.06045,71.51878,25.01,7.79,7.7,5.88,37.52,1787.79,284.22,2.02,0.82,2.19,1.77,38.95,Medium,3
ENV_SAMP_0600,18.97786,106.43834,24.55,7.88,1.97,6.68,36.56,878.83,148.92,13.29,1.22,1.36,5.83,29.41,Medium,3
ENV_SAMP_0027,1.14031,-81.64901,28.56,7.94,21.36,6.87,33.06,2183.93,322.98,2.2,0.66,1.08,5.07,49.09,Medium,3
ENV_SAMP_2079,-5.95062,138.75405,24.99,7.8,11.65,7.31,31.98,580.23,95.59,33.87,0.34,0.21,3.15,16.61,Low,2
ENV_SAMP_1550,25.61358,81.2747,27.24,8.52,13.1,7.44,31.85,626.96,66.62,14.03,1.92,1.28,1.32,18.15,Low,2
ENV_SAMP_1954,35.08294,140.14956,26.41,7.62,1.58,5.75,31.79,581.79,104.27,12.43,4.24,1.71,2.18,24.28,Low,2
ENV_SAMP_0817,1.25499,80.25044,26.38,8.08,25.74,10.19,28.46,3396.7,500.0,0.97,1.32,1.76,8.31,68.57,High,1
ENV_SAMP_0433,14.20251,103.20867,26.65,7.46,3.77,8.06,36.08,1527.91,236.52,2.17,0.75,1.91,0.48,31.67,Medium,3
ENV_SAMP_2380,19.56123,71.69891,18.86,8.03,7.77,4.46,34.41,1185.35,201.18,11.03,0.29,0.79,8.32,40.47,Medium,3
ENV_SAMP_0298,1.13249,71.97856,30.78,7.07,22.66,8.63,35.69,1820.65,245.41,2.77,1.41,2.15,3.09,42.64,Medium,3
ENV_SAMP_0846,12.53415,79.54049,22.71,7.96,9.8,6.28,34.17,1340.44,214.04,7.31,1.18,1.49,7.16,38.07,Medium,3
ENV_SAMP_0917,-5.23252,140.83847,36.0,7.24,9.84,6.18,35.2,654.85,106.17,34.24,2.18,0.77,4.08,22.61,Low,2
ENV_SAMP_0053,35.56988,72.53631,27.44,8.45,14.07,4.94,37.73,871.42,124.14,16.6,2.44,0.89,4.08,32.95,Medium,3
ENV_SAMP_1982,33.88636,140.63022,17.5,8.16,48.16,7.8,35.44,1704.32,161.13,4.54,0.65,1.43,1.33,40.62,Medium,3
ENV_SAMP_1985,0.43282,-119.03099,18.21,7.41,23.0,6.23,32.86,1704.83,241.87,5.33,2.57,0.5,7.24,46.09,Medium,3
ENV_SAMP_0260,19.99157,73.37081,24.21,7.5,5.63,7.86,34.93,868.84,143.36,13.26,2.28,0.85,4.95,25.01,Medium,3
ENV_SAMP_0036,34.94593,80.88647,20.68,8.19,17.85,5.51,32.97,1263.61,208.86,30.74,3.46,0.11,9.89,36.28,Medium,3
ENV_SAMP_0287,26.91489,107.39136,21.19,8.23,9.99,2.44,36.39,718.47,101.43,20.14,1.67,0.55,3.06,32.61,Medium,3
ENV_SAMP_2299,34.28565,102.44879,30.39,8.09,1.32,4.05,37.2,2149.78,390.38,2.32,2.83,0.25,9.15,57.77,High,1
ENV_SAMP_0673,18.48815,104.90935,23.68,8.29,29.26,8.54,36.33,1935.38,243.43,2.23,0.5,0.35,0.56,37.47,Medium,3
ENV_SAMP_1973,34.0574,74.28788,23.35,8.45,2.16,4.15,31.4,1256.29,189.76,3.29,1.32,1.79,1.46,31.18,Medium,3
ENV_SAMP_1727,12.20837,-118.17477,20.97,7.05,8.82,9.33,34.26,354.29,46.78,50.63,0.99,0.87,1.22,9.83,Low,2
ENV_SAMP_1794,36.22796,105.93235,23.68,7.9,2.3,6.6,34.74,1313.98,249.99,9.23,0.79,1.12,9.64,39.18,Medium,3
ENV_SAMP_1789,17.76105,103.97238,21.38,8.54,5.02,8.26,33.86,1234.76,187.16,3.87,1.2,0.29,2.11,23.78,Low,2
ENV_SAMP_1687,33.04386,71.39826,30.58,7.0,0.62,8.72,35.33,1409.27,247.01,4.21,1.92,0.05,5.84,35.49,Medium,3
ENV_SAMP_2077,24.27151,140.03876,25.08,8.04,2.19,5.15,32.05,929.99,181.8,17.4,0.38,0.61,7.43,31.34,Medium,3
ENV_SAMP_2002,26.81878,102.69456,23.92,7.45,6.41,10.06,33.67,669.21,111.6,22.83,2.19,0.8,4.38,18.35,Low,2
ENV_SAMP_1632,34.74264,72.24755,26.37,8.27,16.04,7.9,36.59,1090.84,182.38,17.25,1.58,1.1,7.46,36.56,Medium,3
ENV_SAMP_1496,36.43639,103.17652,24.1,8.2,26.29,6.41,36.12,1268.17,197.55,45.43,3.02,1.49,9.06,41.44,Medium,3
ENV_SAMP_1232,17.58621,108.26431,23.51,7.54,7.39,5.92,34.96,960.04,167.25,15.85,0.53,1.48,7.0,31.61,Medium,3
ENV_SAMP_1036,32.83719,102.47109,25.3,8.24,5.15,7.73,34.69,609.94,106.89,31.03,0.74,0.15,4.31,18.48,Low,2
ENV_SAMP_1079,12.72676,105.75191,22.84,8.92,0.5,6.35,33.31,935.36,170.82,12.28,1.06,0.78,6.74,28.76,Medium,3
ENV_SAMP_0765,13.39155,105.7107,24.72,7.84,12.46,4.24,36.38,908.2,112.07,5.56,0.49,1.85,0.01,25.21,Medium,3
ENV_SAMP_2006,35.03745,73.702,21.23,7.31,8.25,5.5,36.18,2558.29,386.94,1.85,0.32,1.41,6.96,59.39,High,1
ENV_SAMP_2306,18.38465,104.36632,20.84,7.67,6.04,8.06,34.12,892.76,158.26,15.43,1.73,2.16,6.28,29.49,Medium,3
ENV_SAMP_0192,-6.72424,138.49965,28.51,7.57,9.11,4.23,34.84,2250.56,373.63,2.13,1.79,0.48,7.45,60.23,High,1
ENV_SAMP_1000,25.19541,80.67628,19.95,8.08,21.86,7.01,34.95,1964.46,285.36,3.5,1.26,1.12,7.08,50.12,High,1
ENV_SAMP_0918,34.70003,103.72897,16.92,7.5,2.18,7.78,33.52,555.7,82.73,15.06,0.97,1.32,1.94,17.95,Low,2
ENV_SAMP_2319,2.83653,-117.21452,21.55,8.84,0.5,8.34,33.71,954.7,159.69,5.38,2.12,1.46,2.65,24.72,Low,2
ENV_SAMP_0880,-4.74546,104.73811,32.37,7.21,30.7,7.04,31.63,2903.84,444.55,1.34,2.84,1.36,6.1,63.92,High,1
ENV_SAMP_1062,18.31851,80.75101,21.15,8.04,47.58,7.73,33.01,1937.85,218.93,6.15,0.36,1.52,6.65,47.79,Medium,3
ENV_SAMP_1594,19.51237,139.898,21.39,8.18,4.28,8.04,37.51,959.33,176.07,14.38,2.79,0.29,6.82,29.06,Medium,3
ENV_SAMP_0026,12.01144,140.64157,29.41,8.12,14.6,5.09,31.7,1209.67,175.08,5.27,0.56,1.32,3.3,30.5,Medium,3
ENV_SAMP_0099,37.02763,74.18348,23.69,7.44,11.23,9.36,34.84,473.56,40.18,20.37,1.09,1.27,0.29,14.83,Low,2
ENV_SAMP_0900,14.4046,73.55763,20.3,8.21,4.81,9.43,34.28,679.84,118.19,18.82,3.53,2.16,4.48,23.29,Low,2
ENV_SAMP_0987,18.11802,106.05246,29.15,8.05,1.98,9.06,37.05,1029.39,205.86,17.46,0.62,0.78,8.39,27.49,Medium,3
ENV_SAMP_2344,34.98919,-81.18181,30.49,8.23,2.85,4.64,31.46,772.17,146.08,27.53,1.39,1.13,6.53,29.9,Medium,3
ENV_SAMP_2365,1.77114,-118.30144,28.64,6.95,23.86,5.79,37.38,1228.0,179.75,21.28,1.84,2.1,8.13,42.4,Medium,3
ENV_SAMP_1563,34.73636,106.40878,21.54,7.65,20.11,5.13,33.06,1154.67,166.02,18.71,2.7,1.29,7.18,39.08,Medium,3
ENV_SAMP_2390,25.10694,106.49549,17.61,6.5,8.35,4.59,35.14,1558.0,246.35,4.14,0.39,0.92,6.33,45.81,Medium,3
ENV_SAMP_0078,14.03408,78.79039,22.53,8.53,2.54,5.71,35.98,2129.12,365.35,1.52,2.68,0.88,3.04,43.23,Medium,3
ENV_SAMP_2303,25.87202,140.11058,12.72,8.2,16.07,8.46,34.82,1016.12,160.89,43.29,1.11,2.13,7.7,32.08,Medium,3
ENV_SAMP_1044,-6.56115,105.2855,23.54,7.34,5.14,7.26,38.28,460.9,65.63,19.17,2.42,0.37,1.29,17.11,Low,2
ENV_SAMP_1366,36.1357,-119.05803,15.31,8.22,8.28,5.75,33.65,1265.3,224.6,12.61,2.23,0.7,9.52,42.8,Medium,3
ENV_SAMP_0476,24.54611,79.50112,26.52,8.02,1.3,9.14,31.51,418.28,65.04,14.86,2.55,1.16,0.81,9.0,Low,2
ENV_SAMP_1497,35.26662,73.12681,21.1,7.21,14.23,7.28,37.47,1946.41,311.78,4.02,1.21,1.5,9.64,51.02,High,1
ENV_SAMP_0031,2.13933,71.46717,22.23,8.5,2.42,6.1,36.85,751.63,150.07,33.05,1.53,1.52,6.72,30.52,Medium,3
ENV_SAMP_0239,34.20005,79.06105,22.6,7.73,0.5,4.98,34.72,1475.13,283.43,5.27,1.65,1.93,8.5,44.34,Medium,3
ENV_SAMP_0661,12.22868,140.01334,28.95,7.18,3.44,3.8,31.98,1312.95,236.09,7.55,3.21,1.66,8.71,38.75,Medium,3
ENV_SAMP_1517,14.03883,72.48088,27.66,7.98,8.62,7.64,34.22,1132.13,212.5,23.54,0.35,1.79,9.16,37.76,Medium,3
ENV_SAMP_1001,34.92932,104.72729,25.65,7.63,33.08,5.97,34.11,1234.88,138.96,16.67,1.83,1.66,5.45,37.15,Medium,3
ENV_SAMP_1402,35.29007,-79.47788,28.29,8.05,24.82,8.89,31.86,2784.32,434.56,1.58,3.04,1.83,8.02,58.61,High,1
ENV_SAMP_0842,26.82948,72.09319,21.78,6.86,3.07,6.88,32.76,742.14,107.04,6.99,0.47,1.88,1.1,21.12,Low,2
ENV_SAMP_1783,35.16448,140.48696,18.96,7.57,3.6,4.95,33.74,657.17,97.17,13.19,1.95,0.92,2.7,22.51,Low,2
ENV_SAMP_1868,24.67209,-78.9824,24.83,8.65,12.66,6.58,30.09,1253.96,211.69,13.88,1.57,1.75,8.87,37.97,Medium,3
ENV_SAMP_0414,-6.16315,-118.27228,28.8,7.75,9.71,6.83,31.64,1067.84,198.24,39.02,2.78,1.1,9.76,36.38,Medium,3
ENV_SAMP_1544,34.52062,79.08884,22.41,7.74,38.76,5.66,35.03,982.22,66.01,11.36,1.7,1.11,0.2,30.06,Medium,3
ENV_SAMP_0587,12.75178,138.49137,28.94,8.25,0.83,7.69,37.09,779.61,142.87,9.65,1.48,2.0,3.82,26.4,Medium,3
ENV_SAMP_1791,24.27542,107.63189,20.06,7.28,0.63,8.36,34.84,522.12,90.56,14.79,3.46,0.75,2.26,19.31,Low,2
ENV_SAMP_1966,34.76364,106.54718,20.23,7.66,33.38,8.19,32.56,1250.23,126.93,12.73,0.93,1.36,4.53,33.52,Medium,3
ENV_SAMP_0971,35.90331,79.71936,25.0,7.65,75.83,7.32,33.16,1524.63,63.83,31.3,0.53,0.98,2.0,44.27,Medium,3
ENV_SAMP_0885,34.89997,78.98122,27.98,8.91,0.74,6.38,34.48,1726.58,305.04,2.64,0.92,0.66,5.68,36.16,Medium,3
ENV_SAMP_2432,18.17422,-119.05058,25.34,7.7,2.61,3.72,33.44,1047.33,208.75,18.73,2.06,1.37,9.31,36.72,Medium,3
ENV_SAMP_2084,18.21974,73.57268,26.2,7.47,16.63,6.89,32.48,1193.03,177.85,12.18,1.01,2.02,6.94,36.32,Medium,3
ENV_SAMP_2355,35.37738,74.06269,36.0,7.25,14.34,4.97,32.35,1340.02,220.11,7.43,1.87,2.14,6.92,41.47,Medium,3
ENV_SAMP_0411,27.05938,81.34129,25.49,7.5,1.02,8.47,33.61,1120.44,225.11,9.68,0.48,1.82,8.31,30.63,Medium,3
ENV_SAMP_1414,24.57901,-119.20733,17.08,7.24,4.32,4.57,32.26,888.99,153.01,9.6,1.11,2.09,4.48,39.11,Medium,3
ENV_SAMP_2367,2.07261,138.46595,31.88,7.78,7.18,6.1,38.23,2170.88,352.39,1.54,0.97,1.86,2.82,47.17,Medium,3
ENV_SAMP_1298,11.95881,-81.0098,18.68,7.56,4.37,3.28,33.16,3500.0,500.0,0.2,0.57,1.93,1.42,63.28,High,1
ENV_SAMP_0023,18.85251,104.31401,30.26,7.81,9.26,10.09,31.35,612.21,106.12,33.58,2.47,0.25,4.05,20.7,Low,2
ENV_SAMP_2378,18.43773,72.59215,29.74,7.4,28.02,7.51,34.42,1017.32,86.75,7.83,1.34,0.89,0.68,21.92,Low,2
ENV_SAMP_0290,12.42991,-79.08115,21.71,7.92,12.81,7.28,35.26,567.71,59.38,12.22,4.31,1.56,0.03,14.79,Low,2
ENV_SAMP_2498,35.36292,-119.0303,16.23,7.56,16.57,6.83,32.79,1181.58,183.72,17.12,1.48,0.6,8.01,40.45,Medium,3
ENV_SAMP_1667,17.95579,79.51618,26.41,8.67,0.59,4.45,42.0,345.05,59.92,40.14,0.67,2.06,2.18,22.38,Low,2
ENV_SAMP_2167,-5.21697,79.3278,29.06,9.0,8.25,4.87,32.61,757.97,132.71,44.83,0.83,0.62,6.53,25.92,Medium,3
ENV_SAMP_0366,-7.66025,138.80686,27.36,8.04,12.71,8.36,32.32,978.68,139.28,7.96,2.57,1.54,3.12,27.1,Medium,3
ENV_SAMP_2108,1.18787,74.04783,20.92,8.05,4.81,8.79,33.1,668.99,103.14,15.57,3.91,1.82,3.21,22.74,Low,2
ENV_SAMP_0543,-5.03461,79.16202,20.26,8.49,0.5,4.87,34.42,634.14,110.72,13.08,0.1,1.14,3.18,21.43,Low,2
ENV_SAMP_0750,36.38872,-117.57169,18.95,7.85,3.7,6.92,35.28,1109.56,219.76,12.85,2.1,0.84,8.52,35.47,Medium,3
ENV_SAMP_1668,1.57155,138.23649,21.27,8.13,4.08,7.9,31.47,547.03,83.41,14.99,0.6,1.08,2.2,18.5,Low,2
ENV_SAMP_0266,12.26752,74.31919,25.59,7.37,14.51,6.31,34.98,2967.82,500.0,1.24,0.83,0.27,8.65,66.96,High,1
ENV_SAMP_0274,26.99456,139.24579,26.03,7.78,3.13,5.4,29.89,697.09,108.24,14.05,0.67,0.48,3.44,28.7,Medium,3
ENV_SAMP_0966,24.6071,-79.88673,12.68,7.35,9.46,5.19,33.74,989.55,156.25,9.65,0.49,0.64,4.82,32.37,Medium,3
ENV_SAMP_2025,2.32442,80.31401,21.63,7.49,19.04,6.65,33.95,1117.46,117.25,4.92,1.3,0.68,0.05,31.74,Medium,3
ENV_SAMP_1701,24.30383,105.10831,26.57,8.12,3.0,6.57,31.74,1703.58,295.88,3.79,1.42,1.3,8.58,47.08,Medium,3
ENV_SAMP_1713,34.97315,140.85351,19.76,7.43,4.16,5.47,36.14,973.9,171.9,15.23,1.81,2.12,7.24,36.06,Medium,3
ENV_SAMP_1810,34.83314,-80.84842,26.27,8.02,11.63,5.87,33.87,1538.8,250.64,6.77,0.62,0.25,8.59,43.19,Medium,3
ENV_SAMP_2211,35.33666,-80.09791,17.52,7.92,2.22,7.16,39.0,360.74,41.25,19.91,3.12,1.15,0.3,12.83,Low,2
ENV_SAMP_2152,-6.20824,79.40818,24.13,6.65,8.46,5.56,28.49,1067.77,157.98,7.16,1.96,1.5,3.81,34.51,Medium,3
ENV_SAMP_0898,18.4528,72.01654,27.18,7.94,4.54,9.64,33.98,950.56,149.67,8.55,0.81,0.25,4.26,21.8,Low,2
ENV_SAMP_0179,12.58039,107.63433,23.05,8.05,3.43,6.46,35.56,1503.19,239.63,2.5,0.54,0.27,1.5,36.62,Medium,3
ENV_SAMP_2062,17.90446,-117.98477,21.38,6.45,5.61,8.6,35.14,841.62,144.01,13.37,0.63,1.88,5.24,22.67,Low,2
ENV_SAMP_1567,25.1177,-117.02999,22.24,7.77,2.23,5.71,31.27,882.3,134.32,5.64,1.08,1.65,1.49,24.2,Low,2
ENV_SAMP_1580,-6.05041,107.89153,21.02,7.11,11.12,7.96,34.32,1614.2,219.96,2.57,1.65,1.79,1.11,34.11,Medium,3
ENV_SAMP_1574,19.52892,-117.72302,25.72,8.12,5.12,7.95,32.79,1949.02,307.44,1.59,1.74,2.1,0.58,37.66,Medium,3
ENV_SAMP_0845,35.27766,102.57947,24.73,7.19,7.72,10.39,32.77,2825.89,497.15,1.05,1.55,2.08,5.4,54.56,High,1
ENV_SAMP_0282,24.90603,139.73207,22.45,7.04,4.9,5.22,33.47,947.96,173.28,16.23,0.12,1.39,6.96,36.67,Medium,3
ENV_SAMP_0621,33.79148,78.88134,26.44,7.65,34.05,7.59,37.32,1796.52,217.57,2.65,0.92,0.23,0.94,36.38,Medium,3
ENV_SAMP_1342,18.66401,80.35872,26.79,7.58,9.21,5.09,34.67,1042.05,195.14,17.78,3.11,0.77,8.04,39.55,Medium,3
ENV_SAMP_1587,12.20335,107.92563,24.8,7.86,9.75,9.42,33.59,1798.16,303.74,4.23,2.34,1.17,9.39,43.76,Medium,3
ENV_SAMP_0593,19.30652,108.32798,17.8,7.5,12.45,5.15,28.08,1907.07,311.17,3.44,2.65,1.69,8.13,53.52,High,1
ENV_SAMP_0506,12.13612,104.17594,13.62,7.58,7.95,5.31,36.03,878.75,161.16,40.53,1.37,1.48,7.57,31.66,Medium,3
ENV_SAMP_0724,13.22171,-80.10671,22.67,8.74,4.56,7.31,34.98,414.18,45.77,17.85,1.61,0.49,0.68,13.17,Low,2
ENV_SAMP_0656,18.69632,106.31033,26.47,8.3,8.54,8.31,38.28,2032.6,342.13,3.05,0.44,0.71,9.11,48.55,Medium,3
ENV_SAMP_0847,34.79828,-81.41245,21.84,8.04,7.09,4.56,31.66,986.08,138.79,5.26,0.37,0.98,1.66,26.05,Medium,3
ENV_SAMP_2304,18.14587,102.66966,26.1,8.29,30.3,3.04,34.03,2849.44,434.82,1.31,0.77,0.7,5.28,70.56,High,1
ENV_SAMP_0708,34.64794,103.39446,21.34,7.62,26.31,4.22,36.04,1439.07,178.65,7.08,2.94,2.11,5.37,38.67,Medium,3
ENV_SAMP_0056,36.97303,139.93365,24.38,8.4,0.5,8.36,40.87,2445.51,445.07,1.48,1.82,1.84,7.57,50.58,High,1
ENV_SAMP_2300,34.78854,106.40732,19.66,7.11,0.5,4.99,38.31,1049.55,209.71,18.69,1.69,0.29,9.25,36.92,Medium,3
ENV_SAMP_1662,35.27405,106.50155,29.45,7.89,4.21,5.17,34.61,401.86,59.58,14.03,1.15,0.4,0.19,20.98,Low,2
ENV_SAMP_1597,36.24189,139.10695,29.27,8.2,33.07,6.73,33.12,1453.65,165.15,8.13,2.4,1.7,4.92,38.6,Medium,3
ENV_SAMP_1450,26.03831,-119.42035,25.81,7.34,18.91,8.04,37.07,3500.0,500.0,0.26,1.44,1.91,2.18,68.42,High,1
ENV_SAMP_0897,12.11158,-79.69251,28.8,7.9,13.73,4.42,33.58,781.98,86.38,9.31,2.08,1.3,0.94,24.66,Low,2
ENV_SAMP_1898,18.2735,-79.35134,23.29,7.04,12.51,6.65,34.44,970.27,137.94,11.45,0.29,1.24,4.76,31.94,Medium,3
ENV_SAMP_0840,12.21234,-81.35957,18.03,7.94,2.14,7.06,38.96,697.89,117.91,13.96,0.45,0.53,3.97,20.95,Low,2
ENV_SAMP_1394,2.77554,-119.20636,27.08,8.39,42.23,6.41,30.22,1496.3,136.35,5.81,0.24,0.22,1.76,44.4,Medium,3
ENV_SAMP_2251,2.00723,105.30275,23.91,7.73,7.38,7.6,35.78,1762.0,301.55,3.81,0.49,1.53,8.59,42.73,Medium,3
ENV_SAMP_2182,34.75861,104.67814,19.46,7.39,1.65,4.47,35.82,1212.61,185.33,3.36,4.11,1.47,1.48,26.63,Medium,3
ENV_SAMP_1537,34.202,102.39937,25.31,7.86,12.56,7.35,36.22,452.61,53.55,33.04,1.07,0.49,1.38,23.39,Low,2
ENV_SAMP_1703,35.99452,80.83466,25.45,7.98,17.54,3.29,34.29,549.07,48.02,20.05,0.73,0.15,0.26,26.4,Medium,3
ENV_SAMP_1092,25.75069,80.6236,29.84,8.28,46.46,7.28,33.67,1402.32,136.96,25.83,2.47,1.77,6.1,37.79,Medium,3
ENV_SAMP_1876,12.35881,102.344,26.93,7.98,6.6,7.38,36.52,1104.05,171.24,9.75,2.38,2.05,6.46,31.32,Medium,3
ENV_SAMP_0610,14.17092,104.53607,31.29,8.12,1.46,7.85,38.77,584.34,98.98,26.94,0.6,0.45,4.11,22.45,Low,2
ENV_SAMP_1109,20.41475,79.05404,24.64,7.6,18.76,6.01,34.81,3409.49,500.0,0.74,0.46,1.91,6.38,72.88,High,1
ENV_SAMP_0700,-5.36959,80.12386,17.43,7.95,33.54,7.8,35.64,1350.34,153.82,8.42,0.61,0.42,3.44,32.78,Medium,3
ENV_SAMP_0305,32.65502,138.97121,29.74,6.92,3.66,6.05,37.68,2106.4,354.63,2.06,1.08,1.06,6.26,49.22,Medium,3
ENV_SAMP_0602,34.03244,104.41722,18.16,7.56,3.18,7.18,31.13,1200.63,211.7,7.95,1.36,1.81,7.7,36.66,Medium,3
ENV_SAMP_1603,26.09683,-79.04329,19.53,7.38,43.72,7.55,31.64,1149.5,91.32,19.7,0.86,2.18,2.88,34.57,Medium,3
ENV_SAMP_2310,13.58926,107.04784,27.91,8.07,2.15,9.65,34.67,276.27,46.65,42.75,2.35,0.67,1.15,9.23,Low,2
ENV_SAMP_0599,36.07922,74.14519,28.75,8.17,4.59,6.72,36.66,1204.43,221.82,11.95,0.38,1.7,9.19,36.45,Medium,3
ENV_SAMP_1481,12.02742,104.5531,29.36,7.92,13.63,9.31,34.65,1848.8,270.41,2.3,1.51,0.21,2.75,39.47,Medium,3
ENV_SAMP_1221,-5.89259,104.33942,18.12,8.38,2.54,2.65,36.22,1286.65,233.64,6.43,1.81,1.72,7.28,43.01,Medium,3
ENV_SAMP_0092,17.63201,-78.73054,22.39,7.24,19.37,6.01,31.6,853.01,101.17,11.53,1.7,0.49,1.97,27.52,Medium,3
ENV_SAMP_0541,12.37201,139.71217,24.4,8.07,10.04,4.84,35.66,1272.07,215.31,7.94,1.62,1.44,7.41,34.1,Medium,3
ENV_SAMP_0911,11.90117,105.68682,28.44,7.29,19.62,6.88,36.27,1700.7,248.31,4.42,2.94,2.04,6.3,43.99,Medium,3
ENV_SAMP_1126,0.94234,105.1498,19.31,8.3,5.61,6.83,33.18,387.85,44.44,19.38,1.89,1.92,0.43,11.31,Low,2
ENV_SAMP_1444,32.84578,108.16364,32.27,7.5,35.93,6.63,34.17,1743.67,241.84,8.88,2.02,0.84,8.89,48.34,Medium,3
ENV_SAMP_1602,26.47905,103.1811,22.27,8.45,2.42,7.55,34.38,251.84,38.78,86.68,2.89,0.88,1.35,13.14,Low,2
ENV_SAMP_1651,12.16727,79.2489,31.12,7.54,10.54,6.13,35.49,502.39,55.78,17.06,1.38,2.18,0.85,16.52,Low,2
ENV_SAMP_0772,-5.01804,140.93408,27.87,8.1,28.05,5.17,37.87,1110.18,145.3,58.79,0.83,1.15,7.25,34.43,Medium,3
ENV_SAMP_0850,25.1084,74.36955,26.89,7.47,7.59,4.81,32.25,1177.2,196.69,7.56,0.41,0.5,6.21,36.38,Medium,3
ENV_SAMP_1377,26.05579,139.9639,19.77,7.77,27.55,5.43,37.14,1172.4,122.35,8.2,2.17,2.11,2.39,28.57,Medium,3
ENV_SAMP_2411,-5.10908,103.86819,26.5,7.51,8.63,4.05,34.74,848.61,113.73,7.81,1.45,1.23,1.97,24.55,Low,2
ENV_SAMP_0693,26.73986,72.33017,22.25,8.05,4.85,6.59,38.05,1020.53,186.24,10.67,2.65,1.54,6.38,28.42,Medium,3
ENV_SAMP_1031,26.98175,107.37239,22.53,8.5,22.51,6.77,35.68,1538.48,224.08,7.18,3.27,0.57,7.6,48.7,Medium,3
ENV_SAMP_2460,13.40852,104.32162,25.89,8.24,11.82,8.55,34.92,665.27,87.2,17.16,1.68,1.85,2.34,16.97,Low,2
ENV_SAMP_1277,27.23436,103.22711,18.77,7.96,4.06,7.05,34.68,1372.09,206.58,2.55,0.71,1.29,0.0,28.45,Medium,3
ENV_SAMP_1189,37.14927,138.53652,32.63,7.45,8.15,6.79,36.41,2606.18,458.52,1.07,4.34,2.19,3.63,55.06,High,1
ENV_SAMP_1807,18.49144,72.28859,29.05,7.51,4.71,7.41,34.78,1548.31,253.47,3.78,2.31,1.32,6.12,37.46,Medium,3
ENV_SAMP_1120,13.77347,108.1846,21.84,7.89,14.99,5.35,31.24,901.89,113.01,8.37,3.02,1.4,1.81,26.9,Medium,3
ENV_SAMP_1719,32.94878,72.22124,25.63,7.66,3.3,7.27,35.33,980.76,165.67,7.33,1.66,1.34,4.02,25.39,Medium,3
ENV_SAMP_2313,26.13643,-119.17044,27.28,7.96,4.32,4.89,36.68,1226.04,193.21,4.51,2.46,1.96,3.8,34.9,Medium,3
ENV_SAMP_1748,34.44606,103.75596,27.47,7.38,11.25,7.28,36.66,814.3,116.04,31.34,0.62,0.98,5.28,25.13,Medium,3
ENV_SAMP_0620,-5.26922,-118.1793,23.99,7.99,0.92,7.69,35.36,367.49,66.53,46.01,0.18,0.89,2.7,14.9,Low,2
ENV_SAMP_0373,-6.41117,139.59718,16.13,8.21,3.39,4.92,32.45,1026.31,205.11,29.77,1.16,2.11,9.84,37.58,Medium,3
ENV_SAMP_2245,27.20354,81.24388,23.44,8.31,10.19,4.87,36.7,1981.21,335.46,3.56,1.36,0.48,9.92,50.95,High,1
ENV_SAMP_1234,35.3143,102.49002,20.94,7.88,4.34,5.67,36.06,3106.75,500.0,0.51,0.46,1.68,0.25,59.57,High,1
ENV_SAMP_1336,33.97938,105.4703,30.18,7.44,12.83,6.53,29.41,1025.84,155.12,23.65,0.35,1.41,7.21,36.15,Medium,3
ENV_SAMP_1137,18.80149,140.37269,30.78,7.38,2.93,7.42,35.31,530.04,99.49,45.89,1.95,0.34,4.33,22.59,Low,2
ENV_SAMP_0954,18.23919,80.78616,24.08,8.01,4.16,7.02,37.29,394.36,57.46,33.12,0.39,0.52,1.71,13.62,Low,2
ENV_SAMP_1150,26.24839,106.05463,28.29,7.75,9.74,4.41,33.3,3329.89,500.0,0.48,2.07,2.13,1.45,65.26,High,1
ENV_SAMP_0384,24.62449,-79.16994,29.83,7.82,8.14,7.91,33.83,854.58,167.73,54.04,1.78,0.83,8.02,28.25,Medium,3
ENV_SAMP_1412,24.44331,81.65867,30.13,7.97,5.63,7.45,32.15,517.98,67.98,26.58,1.82,2.11,2.33,13.66,Low,2
ENV_SAMP_0636,20.43061,74.26479,17.82,8.64,30.2,4.64,35.2,670.38,44.75,37.83,2.39,2.2,0.8,27.18,Medium,3
ENV_SAMP_1034,13.13483,80.51436,29.83,8.83,0.81,6.41,32.27,3500.0,500.0,0.49,1.76,0.48,8.65,70.3,High,1
ENV_SAMP_1702,18.65113,102.54498,26.02,7.92,7.02,8.46,35.34,1296.38,231.22,8.74,0.46,1.06,8.65,36.81,Medium,3
ENV_SAMP_0487,33.17173,106.23962,26.12,8.09,10.8,2.51,31.64,690.33,111.57,36.78,2.3,1.59,4.33,33.39,Medium,3
ENV_SAMP_1710,1.52221,106.74325,23.74,8.15,0.5,10.21,32.86,1134.65,225.06,11.65,3.12,1.4,8.83,27.68,Medium,3
ENV_SAMP_2028,24.98551,-80.13251,25.74,6.43,20.38,5.71,35.76,488.05,29.44,45.86,1.07,0.97,0.32,20.38,Low,2
ENV_SAMP_0457,27.22765,-117.53695,26.77,7.25,6.1,7.31,36.79,930.67,175.84,27.52,1.77,0.84,7.8,34.21,Medium,3
ENV_SAMP_0359,-6.65333,102.47634,28.47,8.09,13.65,6.81,33.61,724.72,111.9,27.77,1.08,1.7,3.97,26.08,Medium,3
ENV_SAMP_0250,26.43718,-118.72531,24.22,7.64,0.78,6.91,37.78,1621.96,270.52,3.43,3.04,1.29,6.71,41.77,Medium,3
ENV_SAMP_2176,1.96301,81.12179,26.42,7.69,2.98,8.02,34.92,1441.56,247.82,4.98,1.72,0.75,7.41,37.04,Medium,3
ENV_SAMP_0087,1.47741,81.31984,27.13,7.15,14.3,9.78,36.09,1308.43,231.95,15.42,2.44,1.49,9.65,37.43,Medium,3
ENV_SAMP_2421,36.64811,73.97007,25.03,8.35,1.06,6.66,38.09,868.04,153.62,12.52,0.96,1.71,5.66,25.36,Medium,3
ENV_SAMP_1439,1.70991,103.96696,24.5,7.53,0.91,5.72,39.31,728.84,145.74,24.87,1.32,0.61,6.27,27.33,Medium,3
ENV_SAMP_1722,17.74135,-118.38984,32.16,8.18,10.05,6.78,34.06,1623.02,262.03,4.04,1.6,1.45,6.62,43.9,Medium,3
ENV_SAMP_2109,34.24007,139.56595,24.71,7.45,5.71,4.49,31.28,1363.93,212.43,4.21,1.48,1.53,4.39,38.22,Medium,3
ENV_SAMP_0686,11.92329,-119.69224,21.75,7.59,6.51,9.51,34.54,623.75,103.63,18.68,0.31,1.24,3.27,14.73,Low,2
ENV_SAMP_0944,0.07698,102.61749,32.07,7.92,63.81,6.04,30.67,1670.57,128.63,11.08,0.39,0.22,3.49,43.51,Medium,3
ENV_SAMP_2450,-7.46236,73.18074,21.14,7.62,12.56,4.06,35.12,1958.61,321.8,3.33,2.1,1.74,8.61,48.7,Medium,3
ENV_SAMP_1188,-0.04518,138.88781,30.93,7.81,60.94,5.54,37.0,2163.28,218.66,5.36,0.54,0.14,6.17,54.15,High,1
ENV_SAMP_0262,2.30176,102.34575,29.59,7.73,6.68,5.62,32.07,416.39,41.88,20.29,2.69,1.75,0.72,16.25,Low,2
ENV_SAMP_1427,13.77148,79.63172,21.51,7.81,9.57,5.74,39.37,651.97,95.26,19.93,3.2,1.26,2.99,25.73,Medium,3
ENV_SAMP_2322,-6.37151,140.20366,21.28,6.66,1.22,7.41,36.89,1414.97,261.91,6.33,1.48,0.1,9.13,38.71,Medium,3
ENV_SAMP_0367,12.46783,80.61105,29.58,7.75,4.52,5.97,30.58,613.1,115.29,23.39,1.21,1.13,4.33,17.98,Low,2
ENV_SAMP_0523,18.24513,74.00394,22.16,8.87,34.37,6.07,30.09,3495.84,500.0,1.06,0.35,1.48,9.12,76.54,Critical,0
ENV_SAMP_0046,2.33024,140.31087,23.72,7.27,26.0,7.69,32.13,2332.79,357.54,2.57,1.62,0.84,8.17,55.84,High,1
ENV_SAMP_0581,0.24793,108.23346,23.59,8.21,6.03,4.48,34.94,1565.25,261.52,4.64,1.4,0.75,7.57,38.88,Medium,3
ENV_SAMP_2414,11.91345,81.65415,22.1,8.01,37.66,7.54,34.72,1607.44,191.71,6.5,0.94,0.33,5.21,38.97,Medium,3
ENV_SAMP_2247,2.22581,139.52306,26.36,8.0,9.66,6.19,34.89,898.7,143.77,30.69,0.57,1.77,6.75,31.03,Medium,3
ENV_SAMP_1645,-6.28092,107.7545,27.79,7.97,3.4,1.5,36.26,2041.75,347.51,1.79,1.66,2.05,4.2,49.2,Medium,3
ENV_SAMP_0531,2.18037,139.92466,22.1,7.8,2.5,6.1,39.45,1382.62,219.3,3.38,1.73,1.67,3.12,31.68,Medium,3
ENV_SAMP_0071,0.78025,71.68924,19.69,7.89,26.3,5.55,32.41,1350.91,187.6,10.34,1.76,1.63,6.54,37.21,Medium,3
ENV_SAMP_2003,-7.35253,-81.32123,21.73,7.89,5.61,6.17,34.94,882.88,123.66,5.1,0.19,1.4,0.28,24.63,Low,2
ENV_SAMP_0471,0.98768,-81.63441,23.23,7.07,1.96,5.22,36.81,1244.55,204.33,5.35,1.96,1.43,5.34,34.31,Medium,3
ENV_SAMP_2094,25.92068,81.35243,26.29,8.43,6.27,3.54,32.19,1095.28,199.37,8.64,0.99,0.13,6.47,39.28,Medium,3
ENV_SAMP_1283,35.06259,72.22752,27.14,7.81,34.69,4.81,37.59,1782.75,228.62,5.0,2.06,0.5,6.09,45.0,Medium,3
ENV_SAMP_2186,0.15414,106.62252,25.55,8.12,5.1,8.92,33.19,1428.72,261.63,6.97,1.27,0.76,9.55,41.77,Medium,3
ENV_SAMP_1447,12.4664,106.57088,25.33,8.26,33.37,11.25,34.61,1517.24,217.78,29.44,0.62,0.51,9.8,39.16,Medium,3
ENV_SAMP_1421,19.41194,81.68757,14.56,8.38,51.06,4.65,35.61,1374.08,116.45,18.22,1.26,0.59,4.48,43.34,Medium,3
ENV_SAMP_1753,12.5198,-118.77967,26.74,7.59,3.23,11.36,30.94,617.92,111.7,29.89,0.33,1.67,4.62,17.54,Low,2
ENV_SAMP_1601,-5.80785,71.58717,26.02,8.04,1.18,9.26,36.57,433.22,74.18,32.69,1.91,0.55,2.84,17.38,Low,2
ENV_SAMP_1749,-5.52167,73.63801,13.68,8.3,13.44,6.09,35.12,667.45,89.06,27.9,0.98,2.15,3.2,24.04,Low,2
ENV_SAMP_0145,12.5065,107.04695,27.08,6.87,0.98,10.29,33.65,822.79,127.52,7.66,2.71,1.08,2.83,16.82,Low,2
ENV_SAMP_2223,20.15747,-80.66393,20.55,7.69,16.06,5.8,33.66,1286.69,188.49,6.72,1.51,2.03,4.95,40.86,Medium,3
ENV_SAMP_0010,35.18207,-116.87247,24.66,7.19,20.66,6.98,40.65,1198.02,154.02,6.91,1.06,1.67,3.38,35.89,Medium,3
ENV_SAMP_0186,36.38046,103.80756,24.74,7.95,2.21,5.56,35.97,910.76,183.38,19.87,1.44,0.45,7.95,34.3,Medium,3
ENV_SAMP_1806,34.46505,-119.50857,18.0,8.02,11.34,6.26,35.2,1638.8,276.47,6.29,0.56,0.11,9.97,45.83,Medium,3
ENV_SAMP_0441,34.00303,-81.55141,28.34,8.06,5.22,5.8,33.94,2470.64,431.76,0.89,1.36,1.06,0.13,44.21,Medium,3
ENV_SAMP_2257,-5.84986,72.28373,26.13,8.01,1.57,6.76,31.65,1257.45,203.92,4.47,0.73,0.21,4.35,29.81,Medium,3
ENV_SAMP_0442,24.3001,73.10879,20.01,8.12,13.25,2.43,38.21,2847.54,484.25,1.09,0.8,0.29,5.63,62.87,High,1
ENV_SAMP_2334,32.66219,103.87819,24.91,8.2,52.54,6.44,32.11,1442.05,108.78,8.88,2.7,0.47,2.01,37.75,Medium,3
ENV_SAMP_2382,20.43184,108.12501,29.83,6.94,10.88,4.99,36.13,966.15,130.54,5.62,2.32,0.7,0.82,26.47,Medium,3
ENV_SAMP_0281,35.45431,104.47218,30.42,7.63,22.5,5.74,36.02,1156.82,167.96,31.56,1.65,0.27,7.87,40.22,Medium,3
ENV_SAMP_2389,17.80245,105.18878,36.0,8.23,10.12,3.89,31.38,734.88,113.03,20.71,1.78,0.17,4.21,33.59,Medium,3
ENV_SAMP_1285,19.31359,79.80697,24.9,7.49,16.84,3.05,35.34,746.08,83.28,14.06,0.87,2.18,1.53,29.41,Medium,3
ENV_SAMP_0361,26.64346,103.68341,21.55,8.23,7.04,7.27,31.49,647.08,98.65,18.7,2.68,0.39,2.93,18.13,Low,2
ENV_SAMP_0132,32.59819,-79.35685,29.16,7.04,1.35,8.28,33.21,693.03,128.32,9.9,0.63,0.48,3.12,22.24,Low,2
ENV_SAMP_1186,1.45546,139.26839,20.81,7.77,0.5,8.53,33.5,1184.99,225.7,6.6,0.25,0.86,6.99,25.87,Medium,3
ENV_SAMP_0219,13.66739,72.762,20.87,7.95,5.73,5.17,35.29,2235.35,369.34,1.26,1.06,0.39,1.13,49.95,Medium,3
ENV_SAMP_1932,20.28241,105.5552,18.14,8.29,27.73,6.35,35.79,832.7,77.49,23.76,1.73,1.5,2.12,30.95,Medium,3
ENV_SAMP_0675,36.54823,73.3778,21.15,8.07,13.96,6.36,32.69,1431.01,238.37,9.56,1.35,0.83,9.35,41.75,Medium,3
ENV_SAMP_1856,-7.51061,138.98527,18.21,7.15,4.57,6.7,33.85,1919.85,320.56,2.56,1.29,1.26,6.76,42.67,Medium,3
ENV_SAMP_2011,13.88391,105.26474,21.56,7.92,3.8,5.98,29.54,765.4,149.59,45.72,1.5,1.62,7.2,31.6,Medium,3
ENV_SAMP_1805,36.05494,106.85697,23.92,7.7,3.56,3.56,35.85,1182.65,204.67,6.3,3.26,1.92,5.97,37.63,Medium,3
ENV_SAMP_0696,33.45744,103.46532,27.71,7.34,13.45,7.66,33.51,1372.07,212.06,5.52,4.09,1.03,5.76,39.89,Medium,3
ENV_SAMP_2391,-5.94411,-118.71529,24.28,7.67,11.16,3.15,35.72,728.04,111.16,38.7,0.5,0.56,5.05,29.89,Medium,3
ENV_SAMP_2281,33.06574,103.35186,21.92,8.64,50.69,3.94,34.32,1696.52,180.02,14.69,1.76,1.56,7.81,52.69,High,1
ENV_SAMP_1906,34.42349,102.81737,28.59,7.83,19.4,8.61,35.72,1117.83,178.72,27.92,1.49,1.09,8.02,35.11,Medium,3
ENV_SAMP_1122,36.52485,-79.58303,24.58,7.14,27.94,9.69,34.23,1869.69,268.08,5.96,1.98,0.09,9.49,47.64,Medium,3
ENV_SAMP_0816,19.5801,73.36695,27.27,8.3,2.22,6.0,35.85,1789.84,306.2,2.65,1.93,0.05,6.13,40.21,Medium,3
ENV_SAMP_0584,-4.88476,141.10853,25.24,8.21,4.55,4.7,36.96,1885.1,333.2,3.07,0.12,2.05,8.44,47.81,Medium,3
ENV_SAMP_2171,0.27164,107.64893,32.32,7.45,10.73,5.89,36.42,1435.7,211.49,3.5,2.41,1.93,2.77,34.12,Medium,3
ENV_SAMP_0547,13.93132,78.77224,22.52,8.49,13.52,5.8,32.99,1261.72,211.72,15.97,1.15,0.18,9.26,40.8,Medium,3
ENV_SAMP_1362,0.69679,104.86378,22.59,7.29,7.74,6.32,31.78,1191.99,193.61,6.25,2.27,1.43,4.98,35.3,Medium,3
ENV_SAMP_0061,24.44399,-80.14813,22.5,7.73,22.08,6.87,30.98,947.96,121.23,38.47,1.52,0.8,5.48,27.0,Medium,3
ENV_SAMP_0968,13.15076,-79.02407,20.14,7.35,8.94,4.99,32.93,2323.12,376.49,1.76,2.07,0.56,5.91,51.73,High,1
ENV_SAMP_1417,14.19797,78.95956,21.64,7.95,8.25,7.64,27.33,277.69,43.77,36.29,2.52,0.43,1.11,15.06,Low,2
ENV_SAMP_1321,36.1788,140.5779,30.77,8.13,23.62,7.9,33.07,795.39,85.6,13.7,0.78,1.99,1.44,27.29,Medium,3
ENV_SAMP_1073,33.25169,-117.08223,21.0,8.35,17.41,7.06,36.13,769.58,91.66,12.31,1.87,0.64,1.73,26.9,Medium,3
ENV_SAMP_0852,0.72755,80.68602,29.75,8.35,30.55,4.82,36.09,1077.04,98.62,13.83,3.41,1.23,2.98,34.78,Medium,3
ENV_SAMP_0295,-4.73702,105.71461,26.07,8.2,1.48,7.34,36.35,809.1,162.12,11.76,1.45,0.52,5.3,29.33,Medium,3
ENV_SAMP_2417,2.47204,138.2336,27.42,7.47,21.23,6.29,36.53,975.38,137.93,39.46,0.14,1.44,6.08,37.84,Medium,3
ENV_SAMP_1407,18.60687,80.94479,16.72,9.0,32.93,10.67,30.54,997.72,96.61,27.35,0.75,0.47,3.36,24.43,Low,2
ENV_SAMP_2180,-6.90476,-78.81266,27.78,7.95,24.85,5.88,34.52,1222.94,188.14,53.46,0.75,0.73,9.01,45.88,Medium,3
ENV_SAMP_1020,26.95778,103.93479,17.1,7.62,6.01,6.67,35.9,912.18,148.64,14.11,1.32,1.84,5.42,31.26,Medium,3
ENV_SAMP_1546,36.51343,72.81856,23.18,7.43,4.48,6.16,29.82,1035.67,195.18,16.28,1.55,0.47,8.3,33.27,Medium,3
ENV_SAMP_1405,0.80395,107.58279,23.98,7.9,11.68,7.7,33.25,637.13,88.0,36.09,0.41,1.19,3.73,20.44,Low,2
ENV_SAMP_1299,36.6203,80.57594,26.18,7.04,8.19,7.43,32.72,3067.72,500.0,0.74,3.34,1.24,3.5,58.27,High,1
ENV_SAMP_0065,18.18074,-117.07296,23.24,7.26,4.7,5.01,33.79,3295.01,500.0,0.72,0.55,0.31,7.15,69.98,High,1
ENV_SAMP_2163,0.10279,104.35438,25.24,8.03,3.4,8.62,32.37,1728.44,275.34,1.99,3.42,1.06,1.4,30.56,Medium,3
ENV_SAMP_2443,35.23565,-80.4912,23.18,7.57,15.4,8.24,33.18,1313.93,180.98,5.57,3.25,1.08,4.21,31.57,Medium,3
ENV_SAMP_0395,-5.98426,71.6783,23.85,8.39,8.72,8.34,36.28,3145.14,500.0,0.75,3.2,1.86,5.02,59.5,High,1
ENV_SAMP_1206,26.19458,81.00081,19.94,7.0,28.89,6.53,32.57,1469.2,154.7,3.72,2.11,0.49,0.57,34.2,Medium,3
ENV_SAMP_1205,-6.19787,-80.96796,24.83,7.71,11.33,5.25,32.98,1709.89,256.7,2.51,1.79,1.73,2.8,39.04,Medium,3
ENV_SAMP_1078,0.24721,81.43233,29.69,7.71,4.93,7.6,31.34,1281.77,212.86,5.79,1.2,0.75,6.41,40.42,Medium,3
ENV_SAMP_1030,32.63747,80.58916,22.77,7.37,26.96,5.39,35.21,1303.16,190.86,28.26,2.58,0.73,8.79,45.98,Medium,3
ENV_SAMP_1641,-7.02619,-80.71289,27.15,7.0,8.08,4.38,34.74,1053.63,160.92,8.78,2.26,1.42,5.19,38.26,Medium,3
ENV_SAMP_2175,35.05959,81.01508,28.16,7.9,31.14,7.65,28.86,865.43,64.99,19.29,2.8,1.3,1.48,25.37,Medium,3
ENV_SAMP_2137,17.63626,102.59528,31.78,7.62,5.85,8.12,38.96,731.22,143.14,36.77,0.6,2.19,6.22,25.78,Medium,3
ENV_SAMP_2042,-6.14812,-79.83319,24.49,7.35,25.71,5.98,35.85,2950.29,466.37,1.03,0.38,0.32,4.01,63.17,High,1
ENV_SAMP_1274,-5.11097,73.14051,26.73,7.73,9.49,6.48,41.32,2699.02,468.93,1.49,1.07,1.62,8.45,61.96,High,1
ENV_SAMP_0642,13.80169,72.14334,27.89,8.28,0.5,4.52,29.9,1190.3,217.79,8.12,0.23,1.26,7.95,35.93,Medium,3
ENV_SAMP_0277,34.22744,-80.68829,26.5,8.73,30.24,10.42,36.29,876.68,61.87,23.73,3.03,1.86,2.24,23.46,Low,2
ENV_SAMP_1671,-5.55676,104.43738,29.16,7.5,1.74,5.58,32.77,402.31,65.2,26.54,2.2,1.46,1.77,19.5,Low,2
ENV_SAMP_1795,12.28687,74.32236,23.14,7.21,52.67,6.29,39.22,1771.88,219.63,26.16,1.94,0.98,9.82,61.93,High,1
ENV_SAMP_1996,2.70246,-78.80829,28.58,8.52,16.58,7.74,39.81,1053.93,140.27,17.83,2.93,0.52,5.92,28.37,Medium,3
ENV_SAMP_0252,19.78822,105.25313,21.97,7.42,23.5,5.67,36.65,1173.4,157.14,14.19,0.83,1.93,5.74,33.56,Medium,3
ENV_SAMP_0888,18.59428,103.78984,29.31,7.69,10.9,6.75,35.31,2009.7,336.13,3.2,3.24,1.36,8.89,50.54,High,1
ENV_SAMP_0795,20.404,102.64604,16.38,8.7,24.09,4.8,32.08,2404.16,368.3,2.16,0.99,2.09,7.07,62.02,High,1
ENV_SAMP_1104,33.02887,73.23713,19.96,7.49,15.52,7.12,35.55,1232.76,162.38,4.82,1.59,0.1,2.18,30.52,Medium,3
ENV_SAMP_1756,17.59044,-118.91371,30.55,6.85,0.5,4.49,33.49,732.88,136.66,15.42,0.76,1.15,4.93,30.84,Medium,3
ENV_SAMP_0494,18.34469,140.63083,29.0,6.79,21.05,8.03,35.14,1026.27,133.63,15.41,0.46,0.21,5.07,35.46,Medium,3
ENV_SAMP_2398,12.51215,-117.71741,24.29,7.42,17.36,6.18,36.47,1221.1,175.39,16.46,3.52,1.51,7.71,38.74,Medium,3
ENV_SAMP_0459,-4.87236,-119.10039,30.21,7.71,5.09,4.91,37.09,1093.04,214.05,18.48,0.75,0.82,9.61,40.96,Medium,3
ENV_SAMP_0501,35.10071,140.12116,25.72,8.08,6.1,5.05,32.45,789.85,151.12,75.01,1.23,0.9,7.57,31.52,Medium,3
ENV_SAMP_2352,34.27735,71.75053,22.73,7.9,5.23,8.61,35.64,1217.68,235.77,12.86,0.52,1.43,9.67,39.6,Medium,3
ENV_SAMP_1455,20.17981,79.33378,27.26,7.86,2.26,6.45,31.66,1365.24,258.85,7.07,1.11,1.41,9.4,40.86,Medium,3
ENV_SAMP_0259,11.8329,79.79916,32.06,7.61,4.44,7.42,34.95,716.06,104.62,12.34,0.43,1.22,3.01,19.23,Low,2
ENV_SAMP_1912,13.89955,103.49484,21.77,7.16,10.46,4.36,32.6,1220.98,175.52,4.76,0.84,0.52,3.01,34.26,Medium,3
ENV_SAMP_0272,2.30511,71.78168,19.43,7.06,12.2,6.69,33.74,3500.0,500.0,0.2,1.27,0.23,7.07,69.73,High,1
ENV_SAMP_1177,32.88341,-117.52834,23.94,8.58,7.63,5.04,32.04,1026.59,187.41,40.54,0.86,0.89,9.19,38.03,Medium,3
ENV_SAMP_0042,25.14573,-81.14381,27.36,7.8,8.27,4.21,35.89,3500.0,500.0,0.2,2.01,1.27,9.57,72.89,High,1
ENV_SAMP_2325,35.40629,73.87735,28.55,8.27,22.97,4.89,37.98,3117.38,500.0,1.17,0.99,0.24,7.82,70.24,High,1
ENV_SAMP_0331,19.11927,72.66597,25.82,7.88,13.56,2.5,28.45,1626.87,259.55,3.42,2.07,0.31,4.8,43.69,Medium,3
ENV_SAMP_0863,-6.18101,140.97,28.79,7.54,12.33,6.25,38.14,1115.4,178.01,9.84,3.1,1.98,5.93,38.08,Medium,3
ENV_SAMP_0372,25.72813,80.33266,23.67,8.18,8.63,5.9,35.1,555.66,80.58,33.94,0.78,0.74,2.88,19.66,Low,2
ENV_SAMP_2191,-7.17623,72.73848,17.71,8.12,15.21,7.22,37.67,1271.06,193.95,9.02,0.4,1.98,6.84,36.39,Medium,3
ENV_SAMP_0317,13.93529,106.87851,22.9,7.5,2.38,4.93,34.18,906.77,181.97,22.37,0.32,0.57,7.99,32.9,Medium,3
ENV_SAMP_0303,35.29577,81.66968,26.03,7.34,5.13,6.2,30.05,645.3,95.46,12.24,1.84,1.18,2.04,24.29,Low,2
ENV_SAMP_2014,1.20085,-119.21175,23.62,7.97,8.89,2.75,31.55,619.46,75.04,11.05,0.12,0.31,0.61,26.0,Medium,3
ENV_SAMP_2043,25.49932,72.21866,28.27,7.62,3.02,7.22,34.02,1574.75,292.01,5.05,2.46,2.14,9.4,41.56,Medium,3
ENV_SAMP_1378,19.52885,-79.02948,28.85,7.36,2.18,8.17,32.85,887.86,156.47,13.23,0.45,0.81,5.96,27.65,Medium,3
ENV_SAMP_1980,14.43755,103.51801,30.27,7.8,13.11,8.22,30.83,1264.4,194.34,7.91,0.92,0.92,6.24,33.82,Medium,3
ENV_SAMP_2029,1.12799,106.23417,19.36,7.27,15.98,9.71,31.25,2360.38,371.79,1.6,0.51,0.25,4.32,47.09,Medium,3
ENV_SAMP_0308,2.47117,-117.67918,22.47,7.91,17.41,6.35,36.67,789.43,111.42,23.9,4.92,1.02,3.92,28.82,Medium,3
ENV_SAMP_1916,32.66309,81.54493,18.62,8.67,3.44,7.34,28.83,1213.91,237.81,12.04,0.16,1.17,9.84,37.21,Medium,3
ENV_SAMP_0419,-4.84567,-118.39218,28.04,7.85,13.78,5.26,38.99,472.04,41.12,25.4,1.35,0.78,0.62,20.46,Low,2
ENV_SAMP_1249,24.81036,73.45536,16.18,8.07,5.29,4.33,35.74,861.1,158.42,12.94,2.58,0.08,4.92,30.81,Medium,3
ENV_SAMP_0124,13.59317,79.04446,29.01,8.1,30.37,6.63,36.14,3500.0,500.0,0.59,0.96,0.65,6.76,81.72,Critical,0
ENV_SAMP_1688,-7.15648,-117.31362,27.04,7.52,2.28,8.67,33.36,257.31,37.49,35.3,0.88,0.65,0.69,8.99,Low,2
ENV_SAMP_0280,12.64458,-119.66505,32.07,7.53,7.68,6.5,36.98,507.32,72.96,28.95,1.46,0.49,2.25,17.11,Low,2
ENV_SAMP_1357,-5.31047,-118.82643,21.72,8.6,9.1,6.24,38.3,1732.16,279.95,4.56,0.43,1.79,8.89,44.73,Medium,3
ENV_SAMP_1289,-4.92714,73.01798,22.32,7.12,17.46,6.52,38.31,812.99,110.39,26.54,0.25,1.74,4.42,33.05,Medium,3
ENV_SAMP_1998,-6.91724,80.29725,20.27,7.73,12.04,5.84,35.71,1390.02,228.85,10.94,1.1,1.89,9.8,42.43,Medium,3
ENV_SAMP_2213,26.828,107.36693,23.14,7.74,22.24,7.88,35.95,973.15,119.48,24.0,3.31,0.34,5.32,27.19,Medium,3
ENV_SAMP_2369,1.81076,72.68152,28.12,8.65,5.38,7.68,33.43,523.72,88.85,46.01,2.52,1.01,3.81,20.53,Low,2
ENV_SAMP_1268,11.65405,71.63025,25.67,8.2,31.95,6.78,35.07,3094.72,493.79,0.92,1.5,1.02,3.17,61.31,High,1
ENV_SAMP_1578,-7.57572,107.93807,20.58,8.48,2.94,5.76,33.92,1421.82,263.1,6.21,0.89,0.86,8.88,42.83,Medium,3
ENV_SAMP_1143,34.44975,106.14551,25.74,8.23,6.89,10.18,37.15,902.3,169.63,19.4,2.42,1.63,6.6,28.35,Medium,3
ENV_SAMP_2492,13.71865,80.75564,24.72,6.69,2.0,6.46,35.6,1294.39,213.27,4.07,5.4,0.75,4.3,32.66,Medium,3
ENV_SAMP_0230,25.83727,140.23286,35.59,6.84,3.36,3.66,35.84,578.34,115.78,34.75,0.83,0.38,4.68,30.98,Medium,3
ENV_SAMP_1053,14.26078,-118.05568,29.76,7.88,16.11,6.46,31.44,2920.64,480.51,1.02,1.24,1.01,4.58,59.87,High,1
ENV_SAMP_1542,12.18553,105.35465,30.96,8.31,0.5,5.08,33.07,791.34,162.73,33.72,1.47,1.43,7.58,30.92,Medium,3
ENV_SAMP_2262,19.42166,73.8919,25.8,7.95,39.24,8.66,31.62,2242.69,295.2,3.47,1.53,1.39,7.62,49.26,Medium,3
ENV_SAMP_1097,33.87676,73.49382,26.78,7.98,9.14,4.45,36.1,764.42,108.87,10.51,1.18,0.28,2.58,25.73,Medium,3
ENV_SAMP_0159,24.47267,-81.60876,21.89,7.98,4.07,3.33,35.23,309.2,33.22,25.0,0.95,2.01,0.2,15.17,Low,2
ENV_SAMP_1127,13.27865,-117.56109,24.34,8.28,11.99,6.25,33.67,1762.73,275.45,3.9,1.35,0.91,7.42,43.72,Medium,3
ENV_SAMP_0938,13.26174,-79.27842,27.29,7.1,0.5,4.4,35.31,1311.16,242.34,8.87,1.18,1.75,9.66,41.94,Medium,3
ENV_SAMP_0346,14.19791,-79.42884,24.83,7.9,10.38,5.39,35.29,1391.18,244.5,9.91,0.45,1.04,9.81,41.58,Medium,3
ENV_SAMP_1656,2.58588,81.23252,32.55,7.21,11.58,8.22,34.24,664.31,105.09,59.05,1.16,0.43,4.31,24.52,Low,2
ENV_SAMP_0150,35.4074,73.07789,22.34,7.62,11.3,5.58,34.74,602.18,79.3,38.31,0.15,0.42,2.98,27.34,Medium,3
ENV_SAMP_2007,19.09443,73.04005,22.94,7.64,20.94,6.11,36.93,842.94,109.71,28.14,3.24,0.72,4.13,27.72,Medium,3
ENV_SAMP_2401,1.25063,105.27921,23.39,7.34,16.57,8.72,33.89,1762.36,289.23,4.69,1.14,1.33,8.89,47.57,Medium,3
ENV_SAMP_1720,-5.78453,103.61975,20.55,7.17,37.65,9.91,36.97,1431.98,152.28,9.33,0.64,1.14,4.41,36.53,Medium,3
ENV_SAMP_0721,0.94143,105.06332,18.72,6.79,9.48,5.38,36.29,936.06,139.15,11.35,1.19,1.96,4.78,31.34,Medium,3
ENV_SAMP_0344,2.07759,-119.07315,24.91,7.64,2.4,7.75,34.14,706.81,123.49,27.68,2.19,1.13,5.62,21.77,Low,2
ENV_SAMP_2133,-5.69981,-117.1784,26.26,7.36,40.42,6.72,32.6,1458.69,159.73,16.92,0.6,1.64,6.81,38.68,Medium,3
ENV_SAMP_1199,37.13552,-118.06314,22.41,7.77,5.68,9.3,32.92,649.07,98.56,12.29,3.01,1.04,1.84,15.03,Low,2
ENV_SAMP_1971,-7.35332,102.3262,21.17,7.63,21.03,5.14,33.21,1699.4,240.05,3.19,1.1,1.87,3.3,42.57,Medium,3
ENV_SAMP_1821,35.49372,139.50552,32.91,8.25,53.08,7.15,34.54,1089.13,48.85,22.89,0.24,2.05,0.68,30.53,Medium,3
ENV_SAMP_0736,36.14817,79.01603,24.82,8.0,6.06,9.99,31.72,782.22,134.97,24.26,1.05,1.03,5.81,22.3,Low,2
ENV_SAMP_1605,18.15432,140.32268,27.63,7.68,0.54,8.49,40.55,1451.81,254.72,5.33,1.94,1.22,8.26,33.21,Medium,3
ENV_SAMP_1459,33.50737,-117.85641,17.33,8.15,3.18,5.55,36.82,881.21,173.93,33.91,0.73,1.43,7.93,30.29,Medium,3
ENV_SAMP_1585,17.72292,103.15537,27.78,7.72,3.92,8.71,34.81,528.33,68.85,9.57,1.1,0.79,0.17,6.32,Low,2
ENV_SAMP_1350,-4.71595,-118.88936,32.79,7.43,10.14,5.94,33.62,863.06,130.84,19.29,1.3,1.94,5.2,28.63,Medium,3
ENV_SAMP_1539,19.22987,78.99537,17.52,7.42,20.63,8.38,38.47,3500.0,500.0,0.2,1.61,1.57,9.49,71.87,High,1
ENV_SAMP_0089,-6.55793,103.79813,20.2,7.88,18.87,6.63,37.8,1782.17,260.43,3.56,2.07,1.72,5.98,47.85,Medium,3
ENV_SAMP_1658,-5.61795,107.32405,26.67,8.28,0.5,4.32,26.83,754.15,158.48,47.2,1.33,0.05,7.78,26.98,Medium,3
ENV_SAMP_0952,19.42083,-117.64499,26.0,8.39,19.68,5.35,29.37,1456.67,181.17,3.6,1.19,1.0,1.46,40.55,Medium,3
ENV_SAMP_0267,13.22063,106.82194,22.81,7.72,15.22,6.77,31.87,3500.0,500.0,0.3,1.38,1.26,3.08,66.6,High,1
ENV_SAMP_1515,25.69501,-116.76378,20.97,8.43,9.91,6.35,36.41,1131.94,196.51,14.66,3.55,1.71,7.97,34.02,Medium,3
ENV_SAMP_1157,24.90875,74.25887,29.96,7.94,5.17,6.95,34.46,1995.39,361.95,2.95,2.54,1.43,9.26,52.34,High,1
ENV_SAMP_2295,24.29165,79.15624,16.2,7.49,0.5,6.5,36.39,1633.44,264.1,2.32,1.43,1.26,2.7,37.85,Medium,3
ENV_SAMP_0689,12.20182,108.0486,22.33,7.93,6.83,3.98,35.9,1206.31,211.82,8.39,1.12,1.63,7.39,34.09,Medium,3
ENV_SAMP_0470,14.36787,105.50304,25.07,7.04,10.22,4.86,32.37,626.12,96.97,100.0,0.84,0.83,4.83,28.36,Medium,3
ENV_SAMP_1352,36.52104,-80.24313,20.73,8.02,47.22,7.29,36.88,1563.58,143.17,5.91,2.12,0.06,2.22,44.29,Medium,3
ENV_SAMP_2374,12.30763,-79.60422,24.09,7.24,1.85,7.63,34.88,651.4,106.55,17.49,0.23,1.55,3.75,20.09,Low,2
ENV_SAMP_1262,34.45024,-80.26584,31.44,7.24,18.73,5.75,35.8,1314.6,178.75,5.36,0.79,0.81,3.58,36.07,Medium,3
ENV_SAMP_1345,32.90869,-117.69483,24.58,8.33,12.22,6.05,31.5,1507.7,228.32,5.31,0.84,0.32,6.89,39.13,Medium,3
ENV_SAMP_2243,36.66393,72.51881,22.05,8.14,9.44,8.53,35.12,687.17,110.64,50.11,1.74,0.36,5.04,25.18,Medium,3
ENV_SAMP_0969,12.23478,106.79155,21.91,7.93,9.67,6.19,39.02,1077.87,187.98,25.19,1.32,0.11,8.81,33.61,Medium,3
ENV_SAMP_0191,2.82109,106.00098,23.97,7.86,23.63,7.43,34.41,1249.24,170.85,24.01,0.45,2.17,7.91,39.93,Medium,3
ENV_SAMP_1351,34.4575,79.62163,27.6,7.23,71.27,8.83,35.75,1591.32,101.71,38.05,4.07,2.14,4.43,43.78,Medium,3
ENV_SAMP_2342,12.91582,139.68773,22.53,7.88,2.9,8.03,38.0,761.2,115.98,7.22,1.01,0.29,1.56,16.84,Low,2
ENV_SAMP_1763,34.84558,-80.23187,29.03,8.01,12.94,5.88,31.15,411.07,40.05,26.99,0.72,0.98,0.17,18.93,Low,2
ENV_SAMP_2134,-6.16709,105.7605,23.22,8.1,3.97,7.52,37.34,1145.89,176.94,4.65,2.26,1.87,3.05,25.81,Medium,3
ENV_SAMP_2208,26.69944,80.48805,27.86,7.63,6.14,6.37,33.4,995.51,187.09,24.48,0.65,1.71,8.49,32.89,Medium,3
ENV_SAMP_0983,20.07377,107.34601,26.13,8.05,0.82,5.4,36.24,868.67,166.0,18.52,1.39,0.06,7.01,30.21,Medium,3
ENV_SAMP_1411,-7.20184,102.83263,29.03,7.44,8.98,8.4,33.63,2043.11,350.71,2.18,0.61,1.44,5.89,44.59,Medium,3
ENV_SAMP_1220,26.63439,79.98009,23.63,7.59,1.19,6.9,33.76,977.88,154.75,6.16,0.6,1.92,3.27,24.67,Low,2
ENV_SAMP_0447,18.19387,-81.45961,28.27,7.64,40.75,7.94,37.07,1414.56,120.58,5.79,0.62,2.05,0.99,33.93,Medium,3
ENV_SAMP_1696,0.38198,-117.15111,17.1,7.52,47.18,5.2,31.4,1432.08,143.89,53.81,0.93,0.33,7.27,46.6,Medium,3
ENV_SAMP_0314,34.90196,107.61772,26.93,7.67,2.21,7.55,37.73,1204.45,229.77,8.69,6.0,0.8,8.53,35.54,Medium,3
ENV_SAMP_0904,34.92837,102.87258,23.16,8.31,5.69,4.04,36.2,2474.06,429.04,1.03,0.95,0.77,1.48,53.77,High,1
ENV_SAMP_1947,34.16112,-80.66694,28.53,7.6,10.79,6.41,33.66,1485.13,257.95,7.25,2.81,1.24,9.22,45.03,Medium,3
ENV_SAMP_1619,13.28566,81.6769,23.96,7.19,5.77,8.14,30.56,471.56,69.34,20.31,2.21,0.79,1.55,15.42,Low,2
ENV_SAMP_0590,-5.50099,106.5607,29.19,8.49,5.26,8.44,33.34,1938.4,328.73,3.25,2.04,0.11,9.43,45.46,Medium,3
ENV_SAMP_1631,25.16849,-79.14047,15.46,7.63,16.11,9.01,35.21,995.55,161.9,24.55,1.46,1.61,6.83,34.08,Medium,3
ENV_SAMP_0992,35.00727,71.65319,30.54,8.08,40.88,4.31,34.67,1648.04,176.17,3.89,2.01,0.23,1.3,40.0,Medium,3
ENV_SAMP_2118,17.90853,81.30665,19.32,7.39,1.56,6.28,35.42,860.87,156.44,11.31,1.5,0.22,5.33,24.5,Low,2
ENV_SAMP_0120,-5.70456,104.45982,27.57,8.25,2.78,7.66,34.55,3032.6,500.0,0.75,2.51,0.59,4.5,57.26,High,1
ENV_SAMP_1755,12.77484,73.33269,29.11,7.4,11.68,6.59,34.63,1316.54,236.03,12.65,2.02,1.42,9.85,42.48,Medium,3
ENV_SAMP_2129,14.46631,139.11541,23.42,7.44,22.37,6.02,31.03,2011.24,297.97,3.68,5.04,1.04,8.32,54.18,High,1
ENV_SAMP_0754,14.49071,-118.35217,25.03,7.86,21.28,8.88,34.21,858.91,106.56,26.09,0.8,1.25,4.31,26.72,Medium,3
ENV_SAMP_0058,1.4901,102.68327,20.2,8.22,19.9,7.58,32.17,811.69,88.51,15.02,0.5,1.96,2.29,24.35,Low,2
ENV_SAMP_2459,0.1858,106.70161,29.34,7.83,3.18,5.47,37.54,1537.41,264.86,3.81,0.94,1.25,6.18,43.32,Medium,3
ENV_SAMP_0640,34.47773,72.97941,23.79,8.01,2.53,6.83,30.25,938.23,196.98,36.11,0.25,1.4,9.15,32.36,Medium,3
ENV_SAMP_1911,20.20236,80.65527,22.53,7.68,20.83,7.27,35.08,1465.17,223.96,8.84,2.13,0.5,8.05,40.97,Medium,3
ENV_SAMP_0360,19.1348,73.8691,26.04,7.85,1.82,4.29,34.97,633.76,125.15,51.01,1.79,0.47,5.7,30.31,Medium,3
ENV_SAMP_2151,35.72703,72.18512,26.55,8.27,5.61,8.53,34.16,1357.27,223.77,5.52,1.97,0.47,6.36,33.8,Medium,3
ENV_SAMP_1269,25.34826,140.00633,25.08,7.47,18.66,5.98,37.66,830.63,103.02,15.13,1.23,0.54,2.9,25.73,Medium,3
ENV_SAMP_0631,-6.33926,79.21356,31.23,7.5,27.13,6.37,33.94,1556.95,224.33,7.88,4.54,1.51,7.73,43.14,Medium,3
ENV_SAMP_2058,12.77181,-79.81205,20.9,7.51,19.12,8.07,35.79,3500.0,500.0,0.2,0.45,0.17,5.09,63.63,High,1
ENV_SAMP_0032,14.04948,103.31753,18.89,7.72,0.91,5.6,35.06,1004.72,179.8,9.17,2.56,0.61,6.04,24.9,Low,2
ENV_SAMP_0406,34.27623,79.44883,24.5,8.04,23.45,9.24,31.27,573.37,40.97,30.45,1.55,1.8,0.49,18.68,Low,2
ENV_SAMP_1714,35.20774,103.67537,24.66,7.31,4.68,7.79,34.8,2014.62,345.04,2.68,1.09,0.95,8.4,46.75,Medium,3
ENV_SAMP_1498,35.05612,73.14406,22.03,7.94,5.15,7.38,30.98,951.54,167.73,22.59,1.66,1.78,7.95,29.13,Medium,3
ENV_SAMP_0870,12.62066,72.10059,30.87,8.49,40.72,7.93,35.5,1250.97,138.38,33.52,0.82,2.06,5.92,37.9,Medium,3
ENV_SAMP_2307,35.12865,73.70702,20.11,8.61,68.99,5.96,39.27,1282.84,48.97,47.76,0.28,2.17,1.27,40.57,Medium,3
ENV_SAMP_0913,13.76914,-81.57833,16.78,6.84,1.06,6.89,34.89,2739.44,489.86,1.12,1.09,1.59,6.7,59.63,High,1
ENV_SAMP_1512,34.67389,-81.36826,24.88,7.97,5.11,5.36,29.66,1471.35,220.53,2.69,2.86,0.1,1.55,37.12,Medium,3
ENV_SAMP_1048,18.51448,140.13621,20.96,7.63,9.39,5.3,34.13,538.91,77.64,13.07,1.05,1.11,0.76,18.17,Low,2
ENV_SAMP_0804,-5.41873,-81.60759,24.52,7.51,14.28,3.06,33.2,1238.39,172.83,5.66,1.1,1.86,3.62,36.7,Medium,3
ENV_SAMP_0916,14.16941,108.31225,20.7,7.6,9.92,7.68,32.71,924.91,155.95,19.44,0.96,2.17,6.27,28.91,Medium,3
ENV_SAMP_1611,24.46392,103.71443,19.14,8.04,21.28,6.4,31.75,3484.09,500.0,0.55,1.51,1.62,2.47,66.09,High,1
ENV_SAMP_2413,-6.41943,107.34905,13.68,7.78,8.25,4.78,30.08,3500.0,500.0,0.2,0.36,0.5,8.6,72.58,High,1
ENV_SAMP_2021,-6.01441,105.92364,27.17,8.56,8.25,3.12,38.89,1961.19,317.56,2.46,2.17,0.98,5.8,52.65,High,1
ENV_SAMP_1448,19.15991,103.30887,21.77,7.71,3.18,6.61,34.12,1145.88,217.31,8.48,0.65,1.05,7.32,34.19,Medium,3
ENV_SAMP_1958,-6.72115,80.66125,20.01,8.25,11.53,7.16,32.53,776.1,107.68,13.66,1.59,0.91,2.9,24.36,Low,2
ENV_SAMP_0416,34.8444,79.00491,16.77,7.24,1.49,4.15,29.4,914.72,150.28,7.52,0.59,0.1,4.04,33.63,Medium,3
ENV_SAMP_0718,1.03712,73.13371,24.13,7.33,7.29,5.29,32.99,1471.47,256.16,7.04,0.65,0.1,9.3,45.23,Medium,3
ENV_SAMP_1229,14.24873,106.69706,31.78,7.41,5.31,5.66,34.95,585.64,71.45,10.53,1.54,1.73,0.74,23.28,Low,2
ENV_SAMP_0830,34.87014,-80.58183,30.53,7.97,12.78,7.32,33.94,2901.76,492.25,1.18,1.5,0.7,7.29,61.38,High,1
ENV_SAMP_2429,13.11957,107.91375,19.12,7.4,1.62,6.59,30.9,3500.0,500.0,0.31,1.05,0.28,9.03,64.92,High,1
ENV_SAMP_1265,2.26794,105.0088,29.13,6.87,3.75,9.95,34.75,684.46,102.48,7.01,1.53,0.17,0.22,16.43,Low,2
ENV_SAMP_0530,32.73942,78.97792,26.72,7.85,6.18,12.0,40.4,1284.61,196.32,4.78,0.71,0.66,4.48,28.62,Medium,3
ENV_SAMP_0083,27.25863,80.69307,24.85,7.86,10.61,6.07,33.38,1220.97,206.83,19.71,3.29,0.57,9.76,41.83,Medium,3
ENV_SAMP_2130,35.7869,138.25014,32.94,7.41,7.74,3.33,33.67,650.55,92.04,19.41,0.82,1.43,3.29,25.96,Medium,3
ENV_SAMP_1058,24.58284,73.01634,21.67,6.93,13.27,6.5,33.95,820.23,137.17,33.66,1.43,2.13,5.81,30.07,Medium,3
ENV_SAMP_0178,34.43176,103.80865,22.97,8.33,26.09,6.56,34.43,3500.0,500.0,0.2,2.23,1.86,0.44,60.49,High,1
ENV_SAMP_2060,14.01698,103.71712,27.23,7.35,4.07,3.57,31.38,801.19,148.93,30.69,0.7,0.99,6.9,30.18,Medium,3
ENV_SAMP_1119,36.75387,-117.09042,32.63,8.13,30.68,9.74,31.5,1219.1,164.15,83.0,1.64,0.94,8.25,38.3,Medium,3
ENV_SAMP_1330,-6.48582,138.31493,29.65,8.1,0.5,5.65,37.75,599.51,116.25,30.44,0.48,1.62,4.65,19.97,Low,2
ENV_SAMP_0629,32.6249,106.96608,23.2,8.43,0.92,10.0,34.74,3500.0,500.0,0.2,0.69,0.29,4.65,57.15,High,1
ENV_SAMP_0943,-7.40379,102.73485,25.31,7.25,11.46,6.9,32.75,562.66,83.14,27.39,1.96,0.95,2.71,24.14,Low,2
ENV_SAMP_1089,17.76708,-80.93357,27.11,7.64,13.29,3.98,35.42,1201.47,167.85,6.48,2.48,1.0,3.87,34.83,Medium,3
ENV_SAMP_1355,0.77259,140.02013,24.68,8.3,7.44,6.66,39.04,685.75,111.35,23.11,0.96,2.19,4.26,24.31,Low,2
ENV_SAMP_2192,1.97228,-118.26293,19.2,6.98,2.04,2.72,35.22,1048.26,168.49,4.29,1.49,0.36,1.91,35.23,Medium,3
ENV_SAMP_1858,13.00202,-79.78218,28.98,8.14,19.94,4.71,39.07,1037.83,152.09,29.14,1.77,1.46,6.43,31.67,Medium,3
ENV_SAMP_1670,11.67279,-79.87002,22.79,8.15,1.86,7.27,38.25,736.71,131.06,12.55,0.26,1.33,4.07,22.76,Low,2
ENV_SAMP_0227,12.93206,103.35335,35.78,8.03,2.48,8.07,33.38,696.25,111.72,10.45,1.49,2.11,2.71,21.74,Low,2
ENV_SAMP_2165,36.22115,104.9612,24.21,7.29,9.25,7.61,31.4,1591.09,268.14,4.72,0.64,0.7,7.48,40.71,Medium,3
ENV_SAMP_2146,26.3626,104.96129,25.81,7.93,10.71,5.71,35.32,881.88,160.15,39.4,2.41,0.87,6.85,31.68,Medium,3
ENV_SAMP_2462,26.63598,72.51369,27.93,7.31,2.43,6.25,34.02,1740.47,295.17,1.97,4.78,0.22,2.25,37.12,Medium,3
ENV_SAMP_1690,33.7042,104.2184,27.28,7.06,3.96,4.03,37.46,3500.0,500.0,0.2,1.0,1.23,4.79,67.48,High,1
ENV_SAMP_1055,11.60418,139.52094,22.36,8.02,5.75,3.91,36.44,794.86,153.54,62.14,2.05,0.23,7.55,28.13,Medium,3
ENV_SAMP_2127,34.96681,139.06425,22.62,7.67,10.69,7.49,32.13,1384.24,232.61,8.64,1.09,0.4,8.6,36.3,Medium,3
ENV_SAMP_0648,27.00702,74.22995,27.69,7.61,34.34,6.45,34.51,1716.07,234.17,10.87,0.48,1.29,9.64,52.71,High,1
ENV_SAMP_1897,34.683,108.24434,31.33,7.78,9.69,7.72,34.22,593.52,95.66,30.0,0.48,1.22,3.13,21.92,Low,2
ENV_SAMP_1644,18.33362,71.49084,20.7,7.74,11.79,6.25,38.68,566.9,72.1,41.3,1.97,1.84,2.56,18.88,Low,2
ENV_SAMP_2356,0.57677,106.13395,26.8,7.28,13.44,2.48,34.81,717.84,98.47,31.96,3.94,1.91,4.09,34.43,Medium,3
ENV_SAMP_0720,-6.85424,104.48818,25.21,7.88,8.58,5.82,34.21,963.89,134.16,5.88,3.04,1.76,1.95,25.8,Medium,3
ENV_SAMP_1470,12.5493,140.18958,30.69,8.41,5.8,8.14,34.69,774.44,143.95,24.8,2.29,0.11,5.97,27.81,Medium,3
ENV_SAMP_0658,35.20375,106.94958,23.38,7.76,10.67,5.49,34.25,1217.88,212.56,21.46,1.01,0.17,9.84,42.1,Medium,3
ENV_SAMP_2145,13.05709,108.21349,18.57,8.29,3.71,4.33,32.78,611.23,110.48,15.05,5.27,2.07,3.11,28.85,Medium,3
ENV_SAMP_1633,26.36218,-119.23759,23.38,7.61,6.7,4.27,32.04,617.63,86.5,11.1,1.16,1.06,1.2,19.97,Low,2
ENV_SAMP_1347,12.35023,107.73685,30.98,7.31,52.44,6.52,36.38,1123.23,57.71,26.38,1.97,0.96,1.48,35.69,Medium,3
ENV_SAMP_0249,0.51145,74.16444,24.87,7.75,2.39,6.55,39.06,196.43,21.77,68.28,1.97,0.59,0.28,12.08,Low,2
ENV_SAMP_2254,12.33267,-118.61708,22.58,8.16,10.46,4.27,38.05,1000.81,171.08,16.26,0.34,0.7,6.82,31.55,Medium,3
ENV_SAMP_1210,32.93752,106.22381,22.12,8.76,12.69,7.22,32.98,1270.12,189.33,4.86,1.0,2.19,3.69,31.33,Medium,3
ENV_SAMP_2066,24.98066,138.40354,25.29,8.95,14.6,3.58,35.35,788.66,119.33,67.32,0.13,0.7,5.42,34.21,Medium,3
ENV_SAMP_2312,18.46402,73.79381,31.93,8.59,2.02,8.89,33.52,753.69,144.27,16.63,0.23,0.24,5.07,24.09,Low,2
ENV_SAMP_2388,34.93698,105.87894,26.51,7.74,33.97,6.38,31.93,1269.6,131.56,11.37,1.04,0.79,4.0,34.92,Medium,3
ENV_SAMP_1558,36.45027,-117.6983,19.23,7.7,5.43,9.42,34.45,1290.67,231.06,9.53,1.8,1.19,9.25,32.47,Medium,3
ENV_SAMP_2184,25.85667,139.01212,24.06,8.92,7.12,4.91,32.8,993.39,178.12,12.98,1.77,0.63,6.72,37.98,Medium,3
ENV_SAMP_0480,35.45821,107.17342,26.32,7.81,31.12,9.48,33.29,1417.26,188.22,8.49,5.86,1.23,5.8,34.72,Medium,3
ENV_SAMP_0950,36.5305,-79.53639,22.75,8.08,25.28,8.11,31.44,1087.99,126.14,8.79,0.81,0.71,2.8,26.39,Medium,3
ENV_SAMP_2261,0.9006,81.51333,20.07,7.89,6.27,6.97,34.56,716.05,109.73,10.96,1.95,0.96,2.7,20.35,Low,2
ENV_SAMP_1676,18.39661,104.99255,23.86,7.83,14.62,8.41,33.05,963.72,156.33,31.9,2.32,0.62,7.01,29.0,Medium,3
ENV_SAMP_0848,1.14334,-81.38718,19.72,8.34,0.86,6.93,31.65,3500.0,500.0,0.26,0.59,0.17,7.04,68.59,High,1
ENV_SAMP_0463,34.7377,-81.41241,22.79,8.2,14.39,6.79,31.15,838.61,123.96,19.74,0.65,0.12,4.59,29.25,Medium,3
ENV_SAMP_1051,-6.50532,138.61152,25.89,8.63,3.92,7.13,39.13,1677.13,279.68,2.53,1.94,0.22,3.72,41.65,Medium,3
ENV_SAMP_0741,36.57915,71.92331,25.19,7.67,7.0,8.32,31.68,2787.89,497.04,1.41,2.25,2.18,9.61,62.29,High,1
ENV_SAMP_1340,1.6269,102.36294,22.5,7.58,1.06,6.28,31.8,845.18,140.81,6.39,2.71,0.19,2.2,24.48,Low,2
ENV_SAMP_0577,24.31145,140.3347,18.36,7.23,26.13,6.2,33.89,863.32,103.6,21.72,2.33,0.31,3.15,33.97,Medium,3
ENV_SAMP_1691,18.87799,103.67264,20.07,8.01,2.74,6.03,34.1,1061.25,200.97,30.53,2.38,1.72,9.89,39.17,Medium,3
ENV_SAMP_0592,17.98531,106.93993,17.79,7.91,8.37,3.07,32.28,835.9,136.44,33.27,3.86,1.71,6.44,31.5,Medium,3
ENV_SAMP_0180,1.88262,106.13667,25.23,7.63,21.72,8.85,34.55,1433.83,221.57,12.92,0.51,0.12,9.22,42.63,Medium,3
ENV_SAMP_2099,26.6489,80.12212,18.28,7.32,0.5,7.01,34.54,341.42,67.16,22.27,4.37,0.59,1.45,14.36,Low,2
ENV_SAMP_2054,18.19117,102.69574,29.07,7.38,0.5,2.47,32.71,1140.1,178.93,3.71,1.07,0.98,1.59,37.06,Medium,3
ENV_SAMP_2308,35.08491,78.83016,26.98,8.58,15.83,8.89,37.5,591.1,58.11,34.51,0.45,0.22,1.93,18.31,Low,2
ENV_SAMP_0491,25.30089,72.40431,21.1,8.4,8.25,6.68,33.95,824.28,170.28,55.42,1.28,1.18,8.25,33.45,Medium,3
ENV_SAMP_2183,32.82814,107.51018,17.4,9.0,0.85,7.18,31.46,1050.14,225.29,19.4,1.12,1.23,9.99,35.92,Medium,3
ENV_SAMP_0692,11.64156,-80.86751,31.05,7.86,24.71,9.63,33.43,1751.68,266.9,5.75,0.15,1.51,8.46,42.68,Medium,3
ENV_SAMP_2224,25.20799,81.26672,22.87,7.85,1.95,3.83,32.0,530.97,91.64,12.68,0.44,1.07,1.99,25.09,Medium,3
ENV_SAMP_0864,12.63124,106.79107,30.22,8.08,36.17,7.33,32.34,934.11,71.55,12.19,0.8,1.89,0.25,26.2,Medium,3
ENV_SAMP_0748,-5.24643,106.80784,26.26,7.84,11.12,4.21,33.08,611.16,67.72,12.2,1.11,1.86,0.62,23.05,Low,2
ENV_SAMP_1152,19.84726,72.7011,20.46,6.95,1.31,3.82,38.09,848.95,147.15,9.22,1.73,0.64,4.19,32.77,Medium,3
ENV_SAMP_2343,34.01435,103.12686,24.95,7.74,11.96,6.89,34.25,1536.61,226.25,2.79,0.97,0.15,1.93,34.2,Medium,3
ENV_SAMP_2161,12.20098,-79.31283,23.54,7.64,0.97,8.28,36.83,1640.6,261.38,1.97,1.81,0.56,0.3,30.83,Medium,3
ENV_SAMP_2085,2.46788,-81.52467,24.87,7.33,2.34,6.11,35.66,805.53,141.39,14.98,1.46,1.81,5.16,25.55,Medium,3
ENV_SAMP_0332,13.93957,102.40904,27.91,7.29,12.87,9.25,34.66,1828.45,269.94,2.38,1.74,0.46,3.24,33.93,Medium,3
ENV_SAMP_1939,35.46447,-81.37631,24.3,8.14,3.75,11.27,33.81,626.84,103.89,10.24,3.7,0.73,1.75,13.88,Low,2
ENV_SAMP_0437,19.16473,105.11627,27.65,8.05,2.28,6.98,32.33,1451.33,243.96,4.67,0.15,1.07,6.7,37.97,Medium,3
ENV_SAMP_2434,-7.4741,107.23168,23.12,7.28,0.72,5.71,31.32,782.83,158.21,36.04,1.23,1.26,7.2,30.49,Medium,3
ENV_SAMP_1666,32.86403,140.21768,27.28,7.51,54.17,4.84,37.17,1627.08,164.08,13.63,1.25,1.04,5.92,52.11,High,1
ENV_SAMP_1953,13.60205,81.45738,22.06,7.72,11.08,6.54,40.0,1041.58,185.85,20.42,0.64,1.21,8.14,33.97,Medium,3
ENV_SAMP_2409,36.45078,-79.24394,25.45,9.0,14.54,4.77,32.66,1052.66,167.71,43.83,2.89,0.61,8.06,43.51,Medium,3
ENV_SAMP_2141,24.6751,140.33936,20.17,7.93,4.33,7.57,31.23,1682.67,279.76,2.58,1.21,2.01,4.06,38.09,Medium,3
ENV_SAMP_2472,11.73152,106.42753,23.2,8.27,3.13,5.87,36.39,2082.02,367.96,2.34,2.04,1.03,8.15,52.16,High,1
ENV_SAMP_1172,27.1881,73.93403,20.12,8.63,5.97,8.01,32.51,1081.34,207.3,10.51,0.76,1.09,7.46,31.72,Medium,3
ENV_SAMP_0558,37.08179,73.28126,22.46,8.73,20.89,8.86,35.02,1456.46,191.67,4.46,0.16,1.9,3.38,36.32,Medium,3
ENV_SAMP_0033,14.24666,139.7316,30.92,7.91,3.06,11.28,37.52,549.61,105.76,15.18,0.51,0.28,2.44,13.23,Low,2
ENV_SAMP_0465,13.6999,72.62679,28.08,8.42,1.37,2.57,35.45,2260.97,396.71,1.25,1.83,1.87,2.24,55.07,High,1
ENV_SAMP_1554,33.9047,79.11621,29.11,7.6,5.77,7.5,32.71,897.32,116.97,5.1,0.8,2.19,0.25,19.56,Low,2
ENV_SAMP_1315,26.94321,138.38674,25.72,8.63,0.61,7.0,36.25,2220.34,405.35,1.73,0.72,1.45,6.64,53.54,High,1
ENV_SAMP_1317,36.87636,80.44915,19.17,8.53,3.49,9.26,34.12,968.13,192.77,33.01,1.99,0.67,9.16,29.6,Medium,3
ENV_SAMP_1529,19.36403,107.53852,27.35,7.8,4.03,8.67,36.09,938.08,189.52,21.33,2.35,0.27,8.03,32.29,Medium,3
ENV_SAMP_1787,-6.96929,107.59701,36.0,7.34,65.86,7.03,30.87,1441.59,102.26,32.53,0.41,0.09,3.84,44.03,Medium,3
ENV_SAMP_0785,19.37084,105.68547,30.3,7.83,13.04,6.67,36.13,878.46,124.54,19.93,0.68,1.68,5.07,27.65,Medium,3
ENV_SAMP_0060,1.62129,80.42105,28.9,7.69,5.55,7.38,35.45,693.53,117.09,15.64,1.18,2.06,3.84,19.63,Low,2
ENV_SAMP_2291,19.80031,-117.22638,28.91,7.71,29.93,6.72,37.39,1281.24,178.51,41.37,2.02,1.81,8.5,44.0,Medium,3
ENV_SAMP_2174,2.09405,73.01781,21.16,7.88,15.51,2.58,29.85,1011.23,153.58,20.76,2.57,1.8,6.63,39.83,Medium,3
ENV_SAMP_0994,-0.09973,-80.4467,29.47,7.87,5.41,11.11,33.92,852.35,137.82,8.17,1.41,1.16,3.28,20.74,Low,2
ENV_SAMP_0340,14.35368,-80.23928,25.76,7.98,0.5,9.13,39.03,1046.69,168.13,4.79,0.65,0.47,2.62,21.54,Low,2
ENV_SAMP_0710,34.89167,80.3578,22.3,7.4,15.66,8.34,36.47,1015.66,157.65,21.78,2.32,0.48,6.43,31.12,Medium,3
ENV_SAMP_0657,-5.29978,-117.2823,26.36,7.48,13.44,6.75,34.98,1118.75,190.0,20.89,1.45,0.59,8.17,33.82,Medium,3
ENV_SAMP_0783,34.80503,73.17854,32.35,8.22,0.82,5.97,34.71,606.02,94.71,11.15,1.2,1.39,1.93,21.65,Low,2
ENV_SAMP_2122,25.40145,107.01229,20.76,7.43,15.92,5.53,37.5,987.73,124.41,6.52,2.12,0.85,1.57,30.43,Medium,3
ENV_SAMP_0645,19.67792,102.45854,29.77,6.69,3.9,2.34,34.06,1455.23,270.22,7.05,0.64,1.65,9.84,50.48,High,1
ENV_SAMP_1729,12.64971,78.82834,33.97,8.7,8.61,4.12,33.1,1309.48,198.3,4.61,1.01,0.44,3.87,35.3,Medium,3
ENV_SAMP_0896,25.07912,103.48208,27.68,7.34,41.26,8.22,39.22,1054.24,79.49,26.77,1.36,1.81,2.69,26.38,Medium,3
ENV_SAMP_1346,19.28793,102.93337,21.28,7.99,7.78,7.56,34.69,1101.62,192.44,12.15,2.92,1.02,7.47,28.52,Medium,3
ENV_SAMP_1803,24.5059,73.24829,22.82,7.65,11.89,6.78,36.92,1580.13,269.08,6.52,2.47,0.26,9.54,44.92,Medium,3
ENV_SAMP_2446,32.92394,140.2267,23.25,8.5,8.37,9.33,32.76,1756.7,284.92,3.25,1.95,0.82,6.16,40.55,Medium,3
ENV_SAMP_1553,-6.33716,79.10491,24.29,7.09,14.9,7.26,37.48,1043.22,175.51,47.15,0.81,1.31,8.64,32.42,Medium,3
ENV_SAMP_2126,13.41946,80.86452,27.61,6.75,12.21,7.22,37.75,3500.0,500.0,0.26,3.97,2.14,4.99,67.37,High,1
ENV_SAMP_0818,-5.37934,105.07952,28.66,7.99,10.19,4.54,35.45,1649.37,261.49,3.25,0.81,1.86,5.04,40.08,Medium,3
ENV_SAMP_0680,14.40715,105.19928,27.08,7.98,38.21,7.02,41.15,1540.46,182.91,8.74,1.34,1.38,5.65,39.72,Medium,3
ENV_SAMP_2096,33.84257,102.41552,19.58,7.97,1.23,5.58,35.26,1872.09,335.99,2.96,1.48,1.44,7.93,43.01,Medium,3
ENV_SAMP_0557,36.30051,140.99468,26.06,7.45,8.28,6.35,36.16,1058.83,162.9,6.92,2.91,0.13,4.16,30.62,Medium,3
ENV_SAMP_0905,13.73136,-119.70835,26.05,8.04,24.41,7.76,32.56,1670.94,240.62,7.18,0.98,1.62,8.5,46.18,Medium,3
ENV_SAMP_2290,2.5687,-79.03089,26.8,7.43,14.21,6.11,39.15,1884.16,298.44,2.91,0.69,0.62,6.11,47.04,Medium,3
ENV_SAMP_1066,18.21561,72.26775,25.54,7.14,3.89,5.87,37.13,976.15,175.66,15.87,1.09,0.17,7.54,34.63,Medium,3
ENV_SAMP_1892,36.29669,79.87355,24.48,7.24,1.98,7.76,37.29,1284.14,205.51,3.3,1.83,0.77,2.03,29.25,Medium,3
ENV_SAMP_1064,33.37315,71.44078,29.93,7.49,9.49,8.96,35.02,675.96,114.88,33.25,0.1,0.78,4.46,24.42,Low,2
ENV_SAMP_1028,35.04402,140.03635,29.32,7.55,12.54,6.27,33.0,1576.25,242.78,3.54,1.08,0.24,4.64,35.11,Medium,3
ENV_SAMP_1222,25.79492,-119.1702,30.44,7.84,0.5,7.33,32.49,1636.17,281.36,3.33,0.57,0.57,6.53,37.19,Medium,3
ENV_SAMP_2009,-6.26677,138.23055,27.18,7.18,10.04,4.77,34.91,3257.5,500.0,0.79,1.85,1.5,6.91,65.11,High,1
ENV_SAMP_1741,0.30411,72.26304,23.71,7.36,9.07,6.92,34.4,1739.45,296.97,4.28,2.78,0.93,8.82,44.03,Medium,3
ENV_SAMP_0063,19.73938,81.28235,28.56,7.07,1.58,5.94,35.26,598.22,112.33,23.11,2.06,0.57,4.15,24.03,Low,2
ENV_SAMP_0205,1.40911,-81.03041,22.44,7.2,30.66,5.49,35.43,1198.71,137.07,13.52,3.45,0.41,4.58,43.19,Medium,3
ENV_SAMP_0212,34.61934,106.70178,26.64,8.16,14.11,9.04,34.11,1244.89,191.52,8.18,0.5,1.48,6.09,33.99,Medium,3
ENV_SAMP_1502,-6.90658,79.76298,24.92,7.47,27.21,3.12,30.46,2161.72,299.87,3.06,1.31,0.07,6.7,60.47,High,1
ENV_SAMP_1815,1.75814,-117.54722,17.64,7.3,6.43,9.4,33.32,904.1,142.75,8.87,1.55,1.07,3.66,26.98,Medium,3
ENV_SAMP_2309,35.60897,140.86141,19.58,7.77,36.74,5.42,32.78,1488.22,170.99,8.72,0.8,1.67,5.23,42.26,Medium,3
ENV_SAMP_0596,0.98738,107.24579,28.51,8.46,23.8,8.81,36.18,622.21,48.01,40.86,0.47,0.9,1.29,20.75,Low,2
ENV_SAMP_1490,-5.86887,103.27958,29.83,8.06,13.14,7.66,34.22,1195.8,176.47,6.08,1.0,0.99,4.01,32.59,Medium,3
ENV_SAMP_1067,14.23307,107.58432,17.64,7.53,4.91,5.43,32.32,1968.89,311.74,2.07,0.14,1.98,4.34,46.7,Medium,3
ENV_SAMP_1648,12.57168,-79.28339,26.5,7.82,7.43,4.68,36.8,770.78,142.23,27.71,1.29,2.0,6.01,29.2,Medium,3
ENV_SAMP_0382,26.45724,103.6671,24.2,7.47,36.06,5.77,32.7,1434.5,160.26,9.16,2.78,0.38,4.79,43.78,Medium,3
ENV_SAMP_1978,13.09113,-80.9923,17.59,7.77,23.36,8.26,33.6,1281.21,190.8,35.32,0.97,0.88,9.42,36.43,Medium,3
ENV_SAMP_0884,-7.20535,105.17771,16.04,7.88,0.5,6.25,35.31,1186.76,242.69,10.44,0.58,0.9,9.64,39.42,Medium,3
ENV_SAMP_1495,25.63799,-79.67866,30.03,8.04,7.27,4.25,35.79,997.99,172.07,14.86,2.66,1.98,7.03,34.65,Medium,3
ENV_SAMP_1463,25.20503,107.79431,23.45,7.45,3.79,8.39,39.34,305.28,47.04,27.66,2.21,0.74,0.77,12.32,Low,2
ENV_SAMP_0705,36.66794,79.00679,21.28,7.49,13.36,5.66,32.01,1173.72,186.15,13.03,2.31,1.82,7.55,38.54,Medium,3
ENV_SAMP_1874,12.51472,-119.41776,26.54,8.47,4.39,5.89,32.45,3500.0,500.0,0.3,2.67,0.4,4.16,71.88,High,1
ENV_SAMP_0040,36.08813,105.77063,30.58,7.14,6.77,8.3,32.09,2164.18,374.7,1.95,1.14,1.75,6.42,46.2,Medium,3
ENV_SAMP_2488,-7.477,79.14657,23.4,7.21,3.43,8.38,30.11,859.21,157.33,15.49,2.42,0.5,6.14,24.88,Low,2
ENV_SAMP_0879,34.17301,-80.47074,27.07,6.95,1.53,8.12,36.73,434.87,79.07,57.82,2.76,1.06,3.35,13.32,Low,2
ENV_SAMP_0052,34.09698,73.34998,20.75,8.35,0.5,6.62,35.53,3500.0,500.0,0.2,0.63,2.03,5.95,66.5,High,1
ENV_SAMP_2071,13.76661,72.28451,21.67,7.75,1.29,4.83,32.91,1717.7,277.45,2.1,1.62,0.36,2.37,39.98,Medium,3
ENV_SAMP_0747,14.24965,103.02268,21.36,7.46,17.62,5.12,35.55,947.76,124.78,17.74,3.25,1.99,4.81,35.74,Medium,3
ENV_SAMP_1872,1.8324,81.11491,22.16,8.23,1.42,5.54,34.9,931.24,181.14,18.09,3.88,1.04,7.49,33.5,Medium,3
ENV_SAMP_0876,-5.1514,105.38593,32.77,7.09,32.57,8.17,34.04,973.24,69.98,9.65,0.46,1.19,0.38,26.81,Medium,3
ENV_SAMP_1046,18.4271,81.26957,25.86,7.13,4.9,7.7,32.76,1011.94,200.22,23.04,1.24,0.05,8.97,35.89,Medium,3
ENV_SAMP_1610,19.13565,138.46932,22.81,6.94,2.14,7.13,32.27,796.6,147.18,24.96,1.45,1.23,6.36,26.81,Medium,3
ENV_SAMP_1117,1.11001,74.31569,34.87,7.54,14.19,8.83,36.15,3500.0,500.0,0.2,1.66,0.73,9.56,69.04,High,1
ENV_SAMP_1500,25.58345,140.42572,32.75,7.84,13.18,4.69,32.25,839.18,129.56,18.46,2.31,1.68,4.83,31.34,Medium,3
ENV_SAMP_1149,-6.70401,-117.62204,24.78,7.95,0.61,5.58,32.74,1730.0,301.25,3.91,1.63,1.64,8.87,46.35,Medium,3
ENV_SAMP_1164,25.48315,103.98885,25.59,8.24,0.96,9.07,34.13,1957.94,338.06,1.9,1.27,1.2,4.33,39.77,Medium,3
ENV_SAMP_2270,18.4238,73.89181,18.21,7.27,19.81,6.57,37.25,1198.7,173.82,20.88,0.36,1.35,7.98,37.73,Medium,3
ENV_SAMP_1452,34.69626,79.54938,24.93,7.54,8.66,7.26,34.47,1113.83,181.58,11.67,1.79,0.97,7.06,32.37,Medium,3
ENV_SAMP_0452,20.11378,104.62006,21.76,7.88,53.16,7.42,36.72,1648.53,167.82,11.47,1.11,0.43,5.88,44.08,Medium,3
ENV_SAMP_1870,34.31819,102.52377,31.97,7.36,43.77,7.27,34.58,1729.37,206.36,8.16,1.24,1.12,6.64,48.25,Medium,3
ENV_SAMP_1233,-7.69596,73.84681,15.19,7.47,2.58,9.14,33.36,1267.79,239.51,9.91,0.77,0.43,9.71,38.73,Medium,3
ENV_SAMP_1504,-7.49567,-80.7604,22.58,7.73,12.84,4.52,38.8,507.67,51.27,29.4,1.78,0.51,1.16,25.15,Medium,3
ENV_SAMP_1853,34.2798,-118.95089,18.58,8.51,5.72,5.69,35.27,1217.16,179.69,3.38,1.83,1.51,0.87,27.47,Medium,3
ENV_SAMP_1316,35.02082,-79.50175,22.09,8.07,8.31,8.42,36.31,3457.76,500.0,0.78,1.86,1.77,9.22,66.49,High,1
ENV_SAMP_0394,19.81817,-81.63699,24.84,7.51,0.5,4.6,33.77,315.86,47.47,20.08,2.62,2.04,0.73,14.95,Low,2
ENV_SAMP_0064,12.18168,79.73897,31.19,7.64,22.43,7.23,37.1,1139.63,157.11,15.38,2.75,1.85,6.15,32.07,Medium,3
ENV_SAMP_1904,25.08352,139.63032,22.47,7.9,3.13,8.34,31.9,3500.0,500.0,0.2,0.48,0.07,7.94,66.28,High,1
ENV_SAMP_0745,19.11155,102.53987,27.18,7.61,13.34,6.44,36.45,3080.4,500.0,0.96,2.24,0.14,6.66,65.6,High,1
ENV_SAMP_1965,18.99958,106.78006,25.56,7.44,7.65,6.3,32.07,1145.45,185.13,10.04,0.68,2.03,6.82,36.9,Medium,3
ENV_SAMP_1623,27.24224,107.41391,20.16,8.05,8.16,6.39,33.62,646.11,107.14,24.86,3.25,0.95,3.64,25.01,Medium,3
ENV_SAMP_0650,33.28886,-79.54888,27.28,7.49,30.77,8.79,30.93,1053.62,107.94,15.49,0.52,2.15,3.28,29.4,Medium,3
ENV_SAMP_0647,18.26238,139.21502,29.84,7.49,1.46,5.98,34.26,1627.96,304.82,3.98,1.08,2.05,8.5,44.01,Medium,3
ENV_SAMP_0535,-5.33987,106.96371,20.3,7.06,5.94,3.92,30.39,705.17,93.78,6.91,0.88,1.03,0.09,25.17,Medium,3
ENV_SAMP_1398,1.73436,104.60275,23.46,6.87,4.14,3.61,40.34,1698.23,270.46,2.13,0.5,1.41,2.08,41.88,Medium,3
ENV_SAMP_2400,20.14051,104.72757,20.28,7.94,11.59,7.6,31.72,1166.57,205.86,18.66,1.02,2.03,8.95,37.25,Medium,3
ENV_SAMP_0193,37.00382,104.06511,14.14,7.91,6.35,7.42,37.23,442.32,70.59,77.16,1.01,0.42,2.76,19.12,Low,2
ENV_SAMP_0560,26.96928,106.70953,30.46,8.25,18.97,6.13,35.98,1365.15,221.37,15.03,1.71,2.19,9.57,42.94,Medium,3
ENV_SAMP_0507,-5.90069,140.83593,21.15,7.75,3.05,6.72,28.94,2556.09,455.45,1.1,0.64,1.99,3.9,51.47,High,1
ENV_SAMP_1717,13.78775,72.75035,31.79,8.0,8.25,7.38,32.66,1325.46,186.14,9.25,0.37,1.71,6.71,40.44,Medium,3
ENV_SAMP_0764,-4.99043,106.04311,24.6,8.06,3.8,4.47,34.33,1415.46,225.63,2.6,0.1,1.89,1.03,30.77,Medium,3
ENV_SAMP_1704,35.34235,140.54502,24.54,8.26,3.69,8.69,36.86,1155.69,203.9,7.55,0.6,0.79,6.71,26.23,Medium,3
ENV_SAMP_0927,-6.52964,74.19264,27.14,7.8,0.56,7.94,35.51,815.69,133.81,6.82,0.73,0.78,2.5,19.83,Low,2
ENV_SAMP_1890,36.34835,-118.88594,28.37,7.49,31.38,7.95,33.3,1541.36,187.24,7.02,2.88,0.97,5.36,37.5,Medium,3
ENV_SAMP_2357,12.19046,104.4438,20.11,8.49,3.53,3.96,32.03,1939.58,332.85,2.63,1.66,0.82,7.4,51.22,High,1
ENV_SAMP_2497,-5.82435,-80.45655,24.08,8.15,7.8,6.3,31.23,3187.88,500.0,0.63,0.1,0.11,2.81,56.83,High,1
ENV_SAMP_1090,2.51136,139.66243,22.09,8.45,1.78,6.64,33.15,986.1,199.59,37.13,6.0,1.96,9.79,33.9,Medium,3
ENV_SAMP_1750,0.95088,-118.38306,23.18,7.68,4.14,3.65,33.78,1686.14,279.78,3.44,2.89,0.93,6.58,44.43,Medium,3
ENV_SAMP_2431,2.76978,81.54123,18.88,7.89,5.01,7.1,35.85,400.94,58.82,39.7,0.21,1.93,2.13,14.0,Low,2
ENV_SAMP_0122,11.93662,79.57338,20.12,7.91,10.9,6.35,32.3,1026.08,148.9,7.54,1.62,0.54,3.4,25.88,Medium,3
ENV_SAMP_1776,35.32862,73.47303,25.29,7.41,4.45,3.26,35.57,726.61,125.24,20.35,2.29,1.2,5.0,31.11,Medium,3
ENV_SAMP_0353,25.0745,-117.0051,25.46,7.69,0.5,5.3,34.28,1046.98,208.73,25.52,0.99,0.72,10.0,35.18,Medium,3
ENV_SAMP_1011,11.71212,104.63762,19.86,7.95,3.19,5.0,34.26,583.09,105.24,18.33,0.68,1.71,3.32,21.87,Low,2
ENV_SAMP_1203,-5.84368,73.45909,25.49,7.76,42.46,7.97,36.54,1820.03,230.78,10.58,3.42,1.55,9.22,51.33,High,1
ENV_SAMP_0258,35.22017,71.54128,35.66,7.48,8.25,4.99,33.01,1548.17,216.98,2.81,1.48,1.56,1.02,35.01,Medium,3
ENV_SAMP_2087,13.04215,80.87898,23.21,7.67,6.49,7.56,36.05,924.06,179.98,37.44,1.05,1.9,7.92,30.51,Medium,3
ENV_SAMP_1428,34.58607,106.87402,27.22,8.04,18.41,6.93,33.4,1213.82,190.42,12.02,1.64,0.85,7.3,33.24,Medium,3
ENV_SAMP_1700,34.28693,-81.63604,20.25,7.9,2.53,6.25,30.37,667.77,119.0,21.55,0.82,1.12,5.11,24.91,Low,2
ENV_SAMP_1886,14.04668,79.79952,22.42,6.7,9.2,2.38,34.51,741.54,112.62,11.95,2.11,1.59,2.75,29.27,Medium,3
ENV_SAMP_1043,33.94384,106.86507,28.65,7.88,9.52,6.89,34.0,2649.28,453.74,1.22,2.08,2.08,5.47,55.96,High,1
ENV_SAMP_1899,-5.45186,-119.67265,21.11,7.52,4.75,4.02,35.33,3500.0,500.0,0.29,2.26,2.03,6.77,72.34,High,1
ENV_SAMP_0387,24.61525,103.02055,27.76,7.26,4.26,3.51,33.34,1974.38,346.71,2.75,0.63,0.55,8.37,55.1,High,1
ENV_SAMP_0097,1.2956,-80.43783,27.21,7.16,0.5,5.76,33.73,1242.46,225.47,7.58,1.71,1.28,8.13,37.45,Medium,3
ENV_SAMP_1225,0.12981,80.738,25.94,8.19,9.27,8.29,31.15,725.58,124.74,32.16,0.82,0.49,5.56,28.28,Medium,3
ENV_SAMP_1304,14.2628,140.36316,22.13,7.82,2.44,4.53,32.8,848.66,152.96,13.31,0.58,0.95,5.62,31.93,Medium,3
ENV_SAMP_0579,1.96848,-80.77067,31.68,7.48,12.51,7.77,33.1,1241.38,196.51,7.39,0.54,1.05,6.13,36.31,Medium,3
ENV_SAMP_2048,20.13096,102.55027,21.36,7.92,23.72,4.77,34.88,1527.44,222.85,11.4,1.03,1.62,9.3,44.74,Medium,3
ENV_SAMP_2017,35.02782,-80.9874,22.51,8.47,11.49,7.65,31.19,920.09,133.6,19.38,2.44,0.27,5.43,24.84,Low,2
ENV_SAMP_1170,26.66855,78.86137,22.26,7.83,0.83,8.1,34.68,899.25,175.91,15.68,1.03,0.77,7.25,26.83,Medium,3
ENV_SAMP_1322,37.14651,139.10727,24.66,6.84,49.39,8.29,35.83,1442.04,111.36,7.12,1.77,1.24,1.18,40.53,Medium,3
ENV_SAMP_2328,2.36583,-119.21617,26.13,7.08,36.39,4.29,32.97,1463.42,162.09,7.15,1.36,1.57,4.3,39.09,Medium,3
ENV_SAMP_1056,2.67952,140.94624,16.48,7.07,6.28,5.0,36.17,716.58,127.23,31.66,1.15,0.44,5.26,27.87,Medium,3
ENV_SAMP_0630,0.3643,81.67463,19.99,6.9,7.89,6.37,32.9,1078.53,196.8,23.62,0.99,0.46,8.94,36.78,Medium,3
ENV_SAMP_0908,34.82239,-79.01438,22.75,7.58,76.14,6.05,35.8,1701.37,96.41,12.87,1.1,1.26,2.27,44.63,Medium,3
ENV_SAMP_0555,13.82401,103.6996,21.7,7.92,16.79,10.18,34.37,1108.01,176.49,38.22,0.86,0.17,8.53,31.2,Medium,3
ENV_SAMP_2364,-5.81338,-81.67042,22.04,8.54,12.53,3.39,31.6,1016.56,153.17,18.31,4.28,0.26,6.46,39.32,Medium,3
ENV_SAMP_2154,0.17447,-80.17914,25.83,7.69,37.56,6.67,30.42,1920.75,232.68,3.18,2.09,0.57,2.89,45.61,Medium,3
ENV_SAMP_1944,20.50249,-116.95698,23.44,8.33,3.67,10.03,30.5,3500.0,500.0,0.2,0.57,0.99,8.53,63.98,High,1
ENV_SAMP_1977,19.38778,73.97292,24.42,8.41,39.22,7.98,35.22,1302.97,144.6,23.32,0.58,2.2,6.02,39.4,Medium,3
ENV_SAMP_0716,1.17524,138.3563,24.22,8.42,1.89,4.04,31.37,734.17,130.42,16.05,1.12,0.87,4.94,30.34,Medium,3
ENV_SAMP_1388,-5.38866,102.32232,24.62,7.19,0.5,5.9,32.14,2458.7,451.48,1.24,2.69,0.29,5.18,55.71,High,1
ENV_SAMP_2092,24.83101,107.86885,26.59,7.61,4.47,4.42,33.48,990.38,159.17,6.6,1.11,1.79,3.71,30.25,Medium,3
ENV_SAMP_0605,-4.8802,81.76393,23.66,8.02,4.56,8.03,39.58,433.5,86.75,40.55,0.54,1.08,3.33,16.24,Low,2
ENV_SAMP_0738,34.61112,-117.72291,31.35,7.39,23.81,8.49,36.69,1022.18,140.98,20.49,1.61,0.65,5.24,30.01,Medium,3
ENV_SAMP_1196,26.54503,104.45369,29.79,8.27,30.25,6.81,35.44,1538.08,183.1,5.48,0.71,1.19,3.99,41.9,Medium,3
ENV_SAMP_2315,18.689,104.47386,31.69,7.59,2.16,5.66,39.78,758.24,137.92,11.59,3.38,1.17,4.17,25.22,Medium,3
ENV_SAMP_0839,36.13455,103.80733,21.54,7.65,6.14,6.17,32.42,2957.8,500.0,0.94,1.1,1.13,5.87,58.75,High,1
ENV_SAMP_1987,26.74946,-79.96152,19.52,8.18,10.94,6.8,32.0,745.54,104.22,12.02,0.11,1.73,2.56,25.37,Medium,3
ENV_SAMP_0794,27.10551,140.28815,27.32,8.55,7.2,7.5,31.21,921.98,141.11,7.3,1.05,1.97,3.03,27.03,Medium,3
ENV_SAMP_0443,18.79922,108.07782,13.14,7.49,5.9,9.49,36.37,1039.12,193.79,30.56,1.47,2.08,9.23,31.76,Medium,3
ENV_SAMP_0110,-7.4053,81.05098,22.49,8.04,2.27,8.34,30.05,559.0,93.81,19.42,0.3,0.74,3.09,16.29,Low,2
ENV_SAMP_2237,34.899,107.54282,22.42,7.25,5.49,6.43,34.66,1929.04,316.14,2.45,0.73,1.42,6.04,47.3,Medium,3
ENV_SAMP_0101,24.64982,79.12706,20.03,7.33,34.66,7.26,32.55,1242.17,155.91,38.65,1.96,0.9,6.8,42.77,Medium,3
ENV_SAMP_1823,36.9816,-117.86742,24.16,8.37,1.86,8.18,31.02,352.63,68.89,45.92,0.13,0.14,2.55,13.89,Low,2
ENV_SAMP_1609,0.96636,-117.0149,24.58,7.39,7.36,5.84,32.72,773.15,108.45,13.04,0.81,1.83,3.45,24.25,Low,2
ENV_SAMP_1426,12.82488,72.1629,29.25,7.9,11.44,5.19,34.81,1069.32,162.67,7.96,0.81,2.03,4.82,35.46,Medium,3
ENV_SAMP_0575,12.51659,106.41627,19.39,8.34,16.03,7.25,33.99,743.11,92.12,43.45,1.04,0.89,3.98,20.15,Low,2
ENV_SAMP_0618,13.24406,104.84256,24.29,7.04,5.06,5.84,33.61,2370.43,420.02,2.02,1.25,1.36,9.36,60.37,High,1
ENV_SAMP_0615,19.50277,104.18123,23.88,7.91,0.5,9.33,35.58,770.76,162.45,26.13,1.35,0.24,6.92,24.42,Low,2
ENV_SAMP_1779,-6.8789,80.2456,21.84,7.62,8.25,5.54,34.06,1022.72,142.25,5.81,0.34,0.53,2.03,27.97,Medium,3
ENV_SAMP_1592,18.88115,-80.35292,30.95,7.57,1.79,3.23,34.58,1008.99,205.33,36.0,0.73,0.83,9.89,40.18,Medium,3
ENV_SAMP_1516,-0.08694,104.19744,22.83,8.18,34.31,5.97,35.42,1284.27,162.96,19.48,2.67,0.88,6.74,39.16,Medium,3
ENV_SAMP_2321,12.33759,103.25979,19.04,6.57,11.15,3.87,32.81,1499.6,214.5,2.68,0.47,1.54,0.91,40.56,Medium,3
ENV_SAMP_0962,24.35534,-118.04319,31.02,8.66,41.98,7.57,32.86,980.8,65.68,34.38,0.43,1.06,2.3,31.62,Medium,3
ENV_SAMP_0836,12.17952,106.33497,22.39,7.68,22.28,6.21,36.69,1496.87,215.5,6.93,5.03,0.46,7.03,41.42,Medium,3
ENV_SAMP_1673,17.94613,-81.58072,26.22,8.5,43.57,7.28,35.41,989.51,49.83,47.01,1.4,1.63,2.0,28.95,Medium,3
ENV_SAMP_1272,32.93246,80.36127,28.46,7.65,2.8,6.1,35.13,844.04,153.75,9.92,1.76,0.58,4.68,30.58,Medium,3
ENV_SAMP_1677,-6.21644,-119.0555,27.78,7.57,16.27,9.88,34.28,697.07,79.61,21.89,0.38,2.08,2.75,23.98,Low,2
ENV_SAMP_1344,-5.70015,79.66218,19.72,8.35,1.68,4.7,32.83,664.13,124.84,36.6,1.68,1.96,5.98,24.38,Low,2
ENV_SAMP_0849,17.83265,79.36703,21.92,7.31,7.96,7.35,37.52,1335.23,190.73,3.27,2.02,1.36,1.4,31.11,Medium,3
ENV_SAMP_0624,1.58918,107.40754,24.63,8.06,24.36,8.17,35.55,992.62,122.73,25.48,1.97,1.88,4.96,28.07,Medium,3
ENV_SAMP_2026,36.24643,79.0871,22.64,7.94,14.75,6.71,34.92,870.43,127.7,28.07,1.52,0.81,5.56,30.27,Medium,3
ENV_SAMP_1165,24.6367,-118.90196,20.45,7.62,13.09,5.77,32.93,1104.11,154.42,5.0,0.78,1.49,1.7,32.33,Medium,3
ENV_SAMP_0347,2.33435,72.13014,20.4,7.87,8.86,4.92,32.01,1362.72,240.36,7.24,1.69,1.39,8.06,39.59,Medium,3
ENV_SAMP_0430,-5.60817,-118.79284,25.83,7.75,22.31,4.01,30.7,832.46,101.88,33.43,1.2,1.81,3.89,28.92,Medium,3
ENV_SAMP_1595,35.08127,139.33819,23.64,7.29,64.45,5.83,34.09,1567.72,98.54,10.49,0.8,1.84,1.94,43.15,Medium,3
ENV_SAMP_1759,14.01623,-116.7453,18.74,8.51,6.2,8.32,30.04,836.34,109.73,6.02,2.63,2.07,0.67,18.49,Low,2
ENV_SAMP_1200,34.85402,106.34918,25.63,7.09,28.79,6.63,31.29,1002.53,106.72,32.75,0.72,1.19,4.7,35.67,Medium,3
ENV_SAMP_0690,26.15174,107.43026,19.09,8.28,13.43,9.03,33.8,1725.2,235.91,2.44,1.31,1.15,1.77,36.34,Medium,3
ENV_SAMP_2487,34.3717,-118.52435,24.31,7.82,19.7,7.16,35.7,1659.09,231.44,3.7,0.69,0.34,4.09,40.33,Medium,3
ENV_SAMP_0202,12.14945,104.23931,21.09,7.04,20.34,8.38,34.05,800.59,76.97,18.02,2.66,0.92,2.33,20.98,Low,2
ENV_SAMP_1392,13.77717,140.18335,36.0,7.6,2.7,7.32,33.89,2090.43,348.99,1.71,0.5,1.78,4.02,41.12,Medium,3
ENV_SAMP_2111,33.7124,106.83172,25.07,8.16,2.77,3.82,33.67,3497.36,500.0,0.71,2.03,0.88,9.44,70.8,High,1
ENV_SAMP_1976,2.79238,79.7322,17.0,8.31,25.34,7.45,36.11,894.78,101.18,35.26,1.27,1.08,4.37,28.72,Medium,3
ENV_SAMP_1725,20.27967,-119.01312,26.35,7.82,15.09,7.62,37.0,1444.34,224.23,6.08,1.43,2.0,6.72,40.51,Medium,3
ENV_SAMP_1070,26.39854,71.93856,27.53,7.82,29.28,4.45,34.13,978.24,93.61,14.39,0.99,0.9,2.22,33.72,Medium,3
ENV_SAMP_2000,19.77413,72.41941,25.68,8.67,12.89,9.88,33.7,3500.0,500.0,0.44,2.24,1.55,5.04,60.18,High,1
ENV_SAMP_1964,-7.18437,107.4817,25.45,7.98,3.33,4.31,35.35,797.38,145.29,14.04,2.79,1.13,5.26,31.9,Medium,3
ENV_SAMP_1654,25.58162,-118.37312,20.28,6.81,7.05,6.87,28.27,1532.37,246.36,3.38,1.32,1.16,4.58,43.28,Medium,3
ENV_SAMP_0887,18.38885,139.69954,25.31,8.37,0.97,4.31,36.7,1755.64,312.64,3.42,1.47,1.33,8.61,46.18,Medium,3
ENV_SAMP_2470,0.02171,-118.29644,18.21,8.18,4.63,9.17,34.07,1108.54,201.71,12.65,1.5,1.73,8.46,33.18,Medium,3
ENV_SAMP_1393,36.95232,80.8964,24.38,8.0,0.52,6.98,35.16,3005.15,500.0,0.81,0.28,2.11,5.59,58.93,High,1
ENV_SAMP_0583,17.58604,-80.25112,33.83,7.88,26.68,5.36,32.48,2198.94,327.63,3.61,0.27,1.12,9.65,52.8,High,1
ENV_SAMP_2207,13.76404,105.6558,19.16,7.08,16.6,5.84,36.49,631.27,84.66,27.08,1.21,0.89,2.28,28.62,Medium,3
ENV_SAMP_1294,26.31388,73.19907,21.52,7.53,4.2,6.55,36.04,388.46,53.82,20.79,0.72,1.21,1.26,19.01,Low,2
ENV_SAMP_0309,13.49386,104.98934,30.37,7.85,25.83,6.23,32.97,1616.34,236.48,8.93,1.52,2.16,9.07,49.55,Medium,3
ENV_SAMP_1845,26.99454,105.7748,20.18,7.85,18.08,4.7,32.9,1379.94,217.47,11.24,2.36,1.99,8.8,41.04,Medium,3
ENV_SAMP_0076,34.37889,-78.84444,25.53,7.98,8.13,6.83,32.28,1227.88,222.02,11.67,0.71,0.59,9.07,39.62,Medium,3
ENV_SAMP_2055,-6.06808,105.39514,31.54,8.66,8.21,6.28,35.5,1548.52,275.58,6.27,0.34,1.0,9.64,44.35,Medium,3
ENV_SAMP_1082,-5.35943,71.67872,23.56,8.44,8.25,8.57,40.91,1879.65,201.05,9.09,0.63,1.05,7.0,54.32,High,1
ENV_SAMP_0778,32.62571,79.37624,26.8,7.67,4.32,4.95,34.01,2359.3,424.52,1.99,1.61,1.4,9.2,57.55,High,1
ENV_SAMP_2020,35.01097,-80.51974,18.51,8.21,14.28,5.79,35.62,1051.55,155.2,11.97,1.08,0.12,5.52,32.08,Medium,3
ENV_SAMP_0409,1.93988,106.16507,21.61,7.87,2.82,10.42,37.48,1142.16,220.11,13.63,2.07,0.14,9.36,30.98,Medium,3
ENV_SAMP_1950,19.6967,-119.54724,23.16,7.14,26.61,7.24,30.87,2539.49,374.55,1.15,1.08,1.46,0.34,51.36,High,1
ENV_SAMP_1012,1.93001,80.11035,21.25,7.63,18.21,4.84,33.2,1742.14,259.49,3.98,2.82,1.95,6.56,42.45,Medium,3
ENV_SAMP_2083,1.3476,72.95145,27.42,7.32,7.53,8.29,37.03,1210.63,217.14,9.42,0.88,1.86,7.91,36.19,Medium,3
ENV_SAMP_0524,1.43617,-80.88243,20.98,8.45,26.47,5.9,33.25,1474.59,212.19,13.67,3.63,0.19,8.88,45.89,Medium,3
ENV_SAMP_1281,-5.88356,107.64151,21.15,7.38,13.15,6.71,30.98,1516.37,232.33,4.77,0.64,0.64,5.95,40.71,Medium,3
ENV_SAMP_2110,-7.51248,-117.70907,23.05,6.86,34.83,9.54,36.77,894.16,70.48,41.46,0.39,1.85,2.75,24.92,Low,2
ENV_SAMP_1752,33.16974,-80.7612,18.3,8.1,6.38,4.21,35.61,1946.28,328.01,2.89,2.32,0.29,7.82,48.08,Medium,3
ENV_SAMP_0104,13.70547,106.00027,29.64,8.68,16.96,8.16,34.5,2987.87,500.0,0.74,1.33,0.67,0.97,55.23,High,1
ENV_SAMP_1381,35.81432,-81.58453,29.81,7.7,6.45,6.73,36.38,957.58,169.77,24.34,1.29,1.42,7.79,33.26,Medium,3
ENV_SAMP_0934,35.16906,140.05581,27.87,6.98,9.93,6.56,36.85,738.75,93.5,8.64,2.16,0.64,1.11,23.18,Low,2
ENV_SAMP_1331,24.52295,140.68191,27.69,8.34,11.46,8.48,39.14,668.08,103.89,22.28,2.35,1.71,2.96,24.83,Low,2
ENV_SAMP_0604,12.9635,-118.93343,15.07,7.56,16.21,4.28,35.4,611.41,52.82,14.78,3.68,0.53,0.22,23.96,Low,2
ENV_SAMP_0923,34.59127,138.34256,26.69,8.51,1.1,7.63,35.25,1106.97,189.08,6.32,2.73,0.43,5.24,29.6,Medium,3
ENV_SAMP_1223,32.73302,-79.23376,21.64,8.26,2.4,6.02,37.6,314.6,52.0,39.48,0.27,0.74,1.63,15.54,Low,2
ENV_SAMP_0034,34.18352,73.75993,22.31,7.64,9.15,6.88,33.58,1712.96,292.05,3.93,4.54,0.76,8.13,42.51,Medium,3
ENV_SAMP_2326,35.2056,80.01549,28.55,7.92,11.78,7.18,40.79,1069.05,165.05,10.9,1.64,2.18,6.06,29.67,Medium,3
ENV_SAMP_2235,33.92273,-80.22569,23.75,8.36,2.37,3.42,35.97,1504.96,233.91,2.56,1.3,0.85,1.81,33.46,Medium,3
ENV_SAMP_2032,34.24319,-118.95092,25.33,7.25,28.05,5.25,36.31,1485.59,191.47,8.44,1.82,0.78,6.39,45.35,Medium,3
ENV_SAMP_0812,13.86868,80.80992,27.71,7.63,3.05,7.12,35.4,732.31,91.99,6.44,1.08,2.08,0.09,23.69,Low,2
ENV_SAMP_1320,1.00213,79.93418,28.07,7.97,12.06,5.52,35.59,539.48,64.78,20.62,1.33,2.12,1.18,22.49,Low,2
ENV_SAMP_2200,25.24516,-80.43628,20.61,7.68,5.75,8.55,33.1,1851.41,321.43,3.13,2.65,2.14,7.78,42.13,Medium,3
ENV_SAMP_0737,-6.02126,79.66548,28.83,7.88,2.0,7.45,33.39,1017.08,183.74,7.43,2.1,0.46,5.15,27.69,Medium,3
ENV_SAMP_0134,32.92315,71.89807,26.83,7.37,11.17,8.22,32.11,955.68,130.41,7.5,1.69,1.22,2.55,23.99,Low,2
ENV_SAMP_0054,-7.56379,79.16424,27.7,7.22,32.71,6.15,35.56,1985.87,282.69,5.45,0.83,1.22,9.8,55.23,High,1
ENV_SAMP_0211,25.90882,141.09847,24.17,8.08,8.68,4.45,35.08,743.1,105.54,12.73,0.78,0.72,3.05,25.08,Medium,3
ENV_SAMP_2471,-4.907,-80.31149,23.67,8.31,7.41,5.75,33.27,1301.47,195.98,3.65,1.03,0.78,2.32,32.34,Medium,3
ENV_SAMP_0493,24.73604,81.44307,25.16,8.13,1.82,9.05,36.09,1349.36,248.25,7.14,1.24,0.31,9.15,35.58,Medium,3
ENV_SAMP_1300,36.95276,107.43234,24.38,7.42,2.48,6.09,32.01,917.28,184.52,51.0,2.71,1.36,9.29,33.8,Medium,3
ENV_SAMP_0534,20.51992,-119.65249,28.14,7.59,43.93,10.7,33.01,1308.74,99.94,6.94,1.31,1.81,0.44,29.82,Medium,3
ENV_SAMP_0183,25.40432,73.84124,31.56,8.16,50.77,5.94,35.56,3337.87,481.18,1.26,4.23,2.19,6.8,78.15,Critical,0
ENV_SAMP_1938,34.73476,71.52137,21.93,7.8,24.54,9.89,29.43,1292.73,182.81,22.61,1.96,0.2,8.21,36.02,Medium,3
ENV_SAMP_0906,26.8284,79.04428,17.94,8.66,5.87,7.85,35.13,476.29,80.73,28.98,1.29,0.37,2.48,20.42,Low,2
ENV_SAMP_0914,35.37066,74.1228,17.29,6.81,3.8,3.49,36.62,1335.79,238.71,5.19,1.09,0.77,6.36,46.84,Medium,3
ENV_SAMP_0164,36.06398,107.29743,23.86,8.26,5.07,6.86,33.06,1871.91,298.36,1.7,1.59,1.38,0.9,36.13,Medium,3
ENV_SAMP_0853,-6.70338,102.73373,25.11,7.89,6.49,6.41,38.65,680.14,101.39,8.93,1.01,1.63,1.12,21.34,Low,2
ENV_SAMP_2169,13.94707,72.85155,24.43,7.47,21.72,7.16,34.45,671.03,81.05,75.39,4.84,0.89,2.96,22.48,Low,2
ENV_SAMP_0472,-5.2059,79.20086,21.85,8.08,4.48,4.97,34.23,651.93,118.37,25.76,0.56,1.79,4.78,25.01,Medium,3
ENV_SAMP_0768,12.69351,-79.48572,21.49,7.38,6.25,5.62,36.24,745.41,115.18,10.08,4.14,1.72,2.44,25.34,Medium,3
ENV_SAMP_1709,18.56834,103.21804,24.73,7.33,5.88,6.31,35.06,3500.0,500.0,0.57,3.01,1.8,6.74,66.34,High,1
ENV_SAMP_1102,36.59489,79.20201,25.48,6.92,20.97,6.37,35.29,1983.1,282.58,1.92,2.96,0.1,1.09,42.71,Medium,3
ENV_SAMP_0310,14.08093,73.43825,19.6,7.96,14.42,4.75,35.57,2635.22,428.55,1.74,1.3,1.76,8.98,62.1,High,1
ENV_SAMP_0154,34.58146,104.47665,30.2,8.12,1.04,6.68,35.3,853.97,126.71,5.97,1.26,0.25,1.52,20.69,Low,2
ENV_SAMP_0867,25.62686,73.41536,28.17,8.04,16.28,5.66,37.14,815.5,122.57,67.9,1.76,2.19,5.39,29.95,Medium,3
ENV_SAMP_1835,12.62939,-80.3217,23.79,7.52,1.98,9.03,30.64,992.88,191.77,24.67,4.07,0.48,8.75,32.25,Medium,3
ENV_SAMP_0444,36.12332,-119.20795,24.1,7.59,3.53,5.6,33.62,1308.62,242.02,9.14,0.74,1.46,9.14,40.05,Medium,3
ENV_SAMP_2420,24.44662,-78.88128,24.19,7.94,15.23,7.38,37.1,1089.49,186.44,61.91,1.59,2.19,9.22,36.21,Medium,3
ENV_SAMP_1042,32.70064,80.96863,19.42,7.96,2.1,5.36,35.82,3500.0,500.0,0.2,1.39,0.57,3.09,59.05,High,1
ENV_SAMP_1052,25.59171,72.69885,17.94,7.99,4.09,6.15,38.23,875.81,148.68,14.69,2.13,0.86,5.69,34.58,Medium,3
ENV_SAMP_1879,25.97228,-80.37395,22.25,7.17,5.12,5.39,35.38,542.02,86.12,18.82,5.09,2.13,2.44,20.76,Low,2
ENV_SAMP_2098,19.74533,81.096,30.84,7.65,20.92,7.31,28.38,1062.13,163.29,31.03,1.09,2.15,7.18,34.17,Medium,3
ENV_SAMP_1161,-6.05776,102.4179,18.62,7.49,1.16,4.13,36.67,2014.62,337.87,1.38,2.84,1.1,0.52,38.56,Medium,3
ENV_SAMP_0119,34.82018,-118.83015,18.71,7.49,9.62,3.58,37.49,476.81,49.2,13.8,3.0,1.78,0.26,22.92,Low,2
ENV_SAMP_1187,32.79607,81.34511,24.34,7.24,2.7,9.52,35.17,2316.85,403.54,1.58,2.1,1.14,6.04,46.12,Medium,3
ENV_SAMP_1629,12.80726,107.07119,27.63,8.12,10.78,6.98,33.41,480.29,47.06,19.71,2.27,1.49,0.79,15.71,Low,2
ENV_SAMP_0511,-5.46274,-79.69698,27.06,8.12,13.66,7.66,35.42,816.88,108.54,11.73,2.16,0.17,2.55,22.94,Low,2
ENV_SAMP_2305,26.4177,72.82057,30.67,7.47,0.51,6.14,37.33,932.57,174.84,11.57,0.68,0.46,6.01,31.22,Medium,3
ENV_SAMP_1160,14.31241,-117.21668,28.78,8.43,7.07,6.09,32.44,1043.45,201.28,55.92,0.88,0.12,9.93,32.53,Medium,3
ENV_SAMP_0993,18.18274,102.68712,22.12,7.78,13.33,6.99,35.46,1780.81,272.25,3.42,0.79,1.69,6.35,42.58,Medium,3
ENV_SAMP_0273,17.72006,81.58298,21.53,7.96,10.64,3.46,35.18,1112.84,169.57,6.03,2.02,1.11,3.28,37.3,Medium,3
ENV_SAMP_1924,26.84877,105.48569,15.73,7.89,1.58,8.09,33.98,962.55,188.85,38.15,0.91,0.25,9.45,33.0,Medium,3
ENV_SAMP_1963,24.61598,138.96004,19.01,7.49,36.71,4.26,34.07,1137.42,95.65,10.5,1.06,0.19,1.35,36.73,Medium,3
ENV_SAMP_1540,35.74135,72.97698,19.25,8.12,2.35,4.21,31.37,1189.07,210.77,7.86,2.42,1.87,7.31,38.92,Medium,3
ENV_SAMP_1151,2.4619,79.93602,23.04,8.13,0.5,6.68,35.56,931.58,169.68,7.93,1.18,1.44,4.79,26.05,Medium,3
ENV_SAMP_1707,-6.8194,106.68271,23.25,7.53,3.26,7.71,38.87,1069.72,217.5,20.06,1.65,0.25,9.3,37.47,Medium,3
ENV_SAMP_0920,0.20077,105.91173,24.4,7.37,8.84,7.0,38.07,692.69,91.95,9.58,2.14,0.32,1.16,22.36,Low,2
ENV_SAMP_0505,-5.93449,105.85827,22.4,7.95,14.95,5.73,33.67,1027.3,118.16,5.24,3.17,1.33,0.52,30.19,Medium,3
ENV_SAMP_2419,34.65534,-79.95849,26.34,7.94,49.97,5.44,33.92,1924.83,211.64,6.87,2.8,2.15,6.61,51.78,High,1
ENV_SAMP_2240,2.387,104.33798,25.6,7.76,7.41,7.22,37.06,1824.44,300.82,3.15,1.54,0.82,7.23,46.85,Medium,3
ENV_SAMP_2395,19.96218,-117.55907,30.56,7.86,7.23,4.98,38.88,1074.55,191.87,16.59,0.21,0.77,7.94,40.41,Medium,3
ENV_SAMP_0981,25.93193,-118.46111,27.14,7.54,14.96,4.33,33.44,1153.93,177.94,11.52,0.58,0.26,6.49,39.83,Medium,3
ENV_SAMP_0474,12.69972,140.37243,24.92,8.16,8.89,7.5,34.76,1311.28,232.67,11.32,1.45,1.57,9.47,37.43,Medium,3
ENV_SAMP_1993,-5.32061,107.69075,20.64,8.17,0.5,5.54,36.83,2108.43,368.47,1.54,1.91,2.19,3.46,47.44,Medium,3
ENV_SAMP_0221,11.85629,104.11868,25.95,8.03,13.39,8.79,35.14,510.9,65.04,57.72,0.64,2.17,2.5,18.36,Low,2
ENV_SAMP_0614,0.01317,-78.99293,26.9,7.8,6.4,2.75,32.99,770.84,142.93,29.91,2.18,1.9,5.9,28.03,Medium,3
ENV_SAMP_1176,34.54633,-118.12875,21.25,8.42,27.48,5.36,36.8,912.79,91.52,30.51,2.19,0.08,3.66,31.54,Medium,3
ENV_SAMP_0237,18.20926,-79.9249,23.56,7.79,16.71,7.68,32.44,711.96,66.84,9.3,0.47,0.56,0.1,17.73,Low,2
ENV_SAMP_1091,35.43955,78.9966,21.53,7.03,13.35,8.69,34.8,986.85,131.33,7.45,0.58,0.59,2.44,28.01,Medium,3
ENV_SAMP_0432,35.57517,-79.64832,27.49,8.57,11.76,6.5,34.66,683.86,91.4,17.66,1.33,1.9,2.44,26.16,Medium,3
ENV_SAMP_2255,11.88169,-80.99606,26.67,7.31,3.31,4.92,33.17,768.67,145.81,51.61,6.0,1.07,6.99,27.23,Medium,3
ENV_SAMP_2396,-6.17615,107.0795,25.29,8.53,8.74,3.0,33.83,1548.4,253.62,5.06,1.62,0.38,7.63,47.09,Medium,3
ENV_SAMP_0538,24.71182,-81.52282,32.06,7.31,2.52,6.81,38.59,702.36,121.38,23.9,1.22,1.79,5.39,23.3,Low,2
ENV_SAMP_1230,27.09178,105.84827,27.32,7.72,16.71,3.24,31.74,953.75,138.32,16.6,0.36,1.9,5.07,37.78,Medium,3
ENV_SAMP_0601,18.89918,105.65091,19.08,8.03,4.11,7.11,34.8,1110.09,221.75,15.14,1.33,0.52,9.2,34.96,Medium,3
ENV_SAMP_1192,13.09386,74.14586,25.04,7.87,26.97,5.98,36.15,1718.51,208.09,3.15,3.19,1.67,2.24,38.29,Medium,3
ENV_SAMP_0800,11.59931,107.56113,23.26,7.78,10.41,6.53,34.31,679.95,95.0,14.63,1.83,0.06,2.15,23.02,Low,2
ENV_SAMP_0715,35.17622,-80.67417,24.15,7.38,5.37,7.13,25.78,803.29,127.1,9.76,1.15,1.74,3.23,25.55,Medium,3
ENV_SAMP_2131,36.03487,107.08771,22.48,7.46,2.13,6.78,31.59,2288.06,402.4,1.27,2.59,1.34,3.07,50.3,High,1
ENV_SAMP_0948,18.24883,-79.45621,27.79,7.87,32.66,7.82,34.25,709.44,42.54,26.08,0.52,2.02,0.48,26.19,Medium,3
ENV_SAMP_0834,36.26687,74.01723,27.87,7.46,37.39,6.42,35.43,1391.37,170.44,24.93,1.36,1.81,7.22,46.34,Medium,3
ENV_SAMP_1740,-5.04114,106.72019,29.0,7.57,15.51,5.15,32.32,1083.68,131.02,5.29,1.01,1.59,1.09,26.53,Medium,3
ENV_SAMP_2489,0.19609,81.21085,27.76,8.22,5.6,5.58,35.51,389.89,59.2,38.18,1.09,2.04,1.86,21.63,Low,2
ENV_SAMP_2227,24.40898,71.65218,22.54,7.83,0.93,7.68,38.99,325.58,54.72,14.65,1.55,1.2,0.05,11.51,Low,2
ENV_SAMP_1871,36.97247,-79.12723,26.08,7.38,7.21,5.34,37.82,1477.36,261.3,6.62,2.12,1.57,9.09,45.52,Medium,3
ENV_SAMP_0995,13.6176,140.47733,24.73,7.42,32.94,6.52,32.26,1431.65,155.09,5.84,2.26,1.28,2.75,37.64,Medium,3
ENV_SAMP_1839,26.14889,105.74424,27.32,8.25,1.49,6.45,37.78,2888.92,500.0,0.79,0.75,0.95,3.83,52.58,High,1
ENV_SAMP_2386,17.61998,-80.30194,22.2,7.84,3.51,9.53,34.84,757.19,141.7,24.31,0.87,2.03,5.7,25.16,Medium,3
ENV_SAMP_2246,1.24876,104.13505,26.13,7.11,0.87,5.1,36.21,992.68,160.14,5.05,0.16,1.73,2.33,26.21,Medium,3
ENV_SAMP_1843,19.31789,106.7541,26.67,8.34,6.73,9.56,39.83,770.15,133.45,18.21,1.11,1.15,5.05,19.61,Low,2
ENV_SAMP_0935,13.14943,-117.91962,23.69,7.8,5.21,7.25,33.07,638.59,120.66,44.97,0.93,0.56,5.19,25.5,Medium,3
ENV_SAMP_1040,-6.76085,73.30679,29.87,7.22,49.32,5.48,33.18,1299.92,104.44,18.96,1.0,2.09,3.63,42.11,Medium,3
ENV_SAMP_0773,0.86244,103.79063,20.88,8.04,3.15,5.87,37.15,530.6,100.18,93.34,1.28,1.85,4.92,25.06,Medium,3
ENV_SAMP_0497,13.90291,105.04065,29.75,7.15,3.86,5.25,33.53,628.78,99.33,15.52,0.28,0.46,3.09,25.34,Medium,3
ENV_SAMP_1074,34.81266,-117.41521,22.99,7.93,0.5,9.77,36.21,665.12,127.29,13.66,0.61,0.69,3.78,18.62,Low,2
ENV_SAMP_2332,-6.5536,106.87782,28.96,8.3,11.24,8.14,33.43,1760.81,291.06,4.26,1.59,0.37,8.27,44.45,Medium,3
ENV_SAMP_0291,13.94031,79.33833,22.41,8.15,49.37,5.32,30.13,3409.71,490.75,1.04,0.5,2.12,5.1,74.92,High,1
ENV_SAMP_1506,27.06613,-80.48624,22.22,7.53,7.26,8.02,34.75,643.09,107.91,18.58,0.78,0.62,3.44,24.34,Low,2
ENV_SAMP_0339,11.60389,-119.59576,27.42,8.24,23.64,4.82,31.24,1519.81,210.3,4.64,1.26,0.55,4.23,44.24,Medium,3
ENV_SAMP_0612,35.32514,105.70482,27.38,8.21,2.67,3.79,34.0,359.66,61.58,43.79,1.83,1.89,2.17,20.72,Low,2
ENV_SAMP_1456,33.66464,105.78418,16.27,7.88,32.12,5.32,35.63,983.09,114.44,80.88,2.43,2.01,5.14,35.18,Medium,3
ENV_SAMP_0606,-6.18799,104.88442,36.0,7.65,17.29,11.01,35.17,444.44,39.37,47.39,2.48,2.19,0.57,12.96,Low,2
ENV_SAMP_0475,26.15597,-79.33048,25.6,8.07,2.5,7.92,38.44,854.56,144.3,11.54,2.17,1.42,4.8,27.96,Medium,3
ENV_SAMP_1474,26.07,72.97641,28.69,7.17,0.5,7.74,36.4,1134.97,200.43,6.22,0.19,0.66,5.25,29.23,Medium,3
ENV_SAMP_0996,24.4897,140.89094,27.49,7.95,10.01,6.32,39.51,920.53,146.88,19.12,0.91,1.48,5.92,29.05,Medium,3
ENV_SAMP_0357,32.78292,105.26179,24.71,7.28,4.5,6.1,37.39,446.25,57.63,15.61,4.31,0.8,0.82,18.02,Low,2
ENV_SAMP_1706,25.18641,102.71648,34.04,7.43,10.99,9.85,33.69,672.57,76.15,10.62,1.47,0.3,0.83,17.87,Low,2
ENV_SAMP_0760,-7.20409,102.87696,27.19,7.43,31.03,4.5,35.6,1326.66,169.38,18.95,3.02,0.37,7.34,43.61,Medium,3
ENV_SAMP_1715,2.29824,-118.07226,20.04,7.94,0.82,9.92,33.85,1210.15,210.99,5.01,0.37,0.84,4.95,29.2,Medium,3
ENV_SAMP_1606,-5.2686,105.2301,23.48,7.9,0.58,5.41,34.25,1147.47,191.79,5.55,1.29,1.91,5.03,34.91,Medium,3
ENV_SAMP_0495,19.38624,104.45486,27.39,8.29,17.2,2.9,29.94,1203.16,187.51,12.71,0.68,0.41,6.82,38.25,Medium,3
ENV_SAMP_0285,18.6866,80.35115,28.96,7.71,16.85,5.51,38.45,1124.4,173.48,18.59,1.42,0.08,7.46,37.67,Medium,3
ENV_SAMP_2193,19.70533,102.41989,27.36,8.77,30.38,7.13,33.07,1975.93,267.94,5.71,0.33,1.31,9.88,46.97,Medium,3
ENV_SAMP_2120,19.02407,138.31037,23.75,8.08,1.72,6.64,34.36,845.78,170.36,46.47,2.95,0.09,8.33,35.21,Medium,3
ENV_SAMP_2285,12.53217,-118.52167,20.99,7.97,8.99,5.35,28.35,613.99,91.78,17.81,0.88,0.68,2.47,26.41,Medium,3
ENV_SAMP_0809,1.97437,138.71019,26.63,8.05,0.97,7.08,34.72,1061.8,173.58,4.6,1.19,0.58,2.4,25.64,Medium,3
ENV_SAMP_1018,18.52896,-79.14455,18.12,8.47,11.46,3.73,31.01,2585.97,436.2,1.32,2.61,0.45,5.5,56.14,High,1
ENV_SAMP_2345,0.14769,-79.82754,20.69,8.22,2.5,8.42,34.83,849.76,121.28,5.99,0.68,1.7,1.07,19.37,Low,2
ENV_SAMP_1824,35.38667,105.73611,20.92,8.17,7.9,4.63,28.99,1047.42,161.18,6.68,1.71,1.38,3.57,25.11,Medium,3
ENV_SAMP_0173,18.86162,79.6754,16.13,8.19,8.25,8.84,35.95,2531.29,463.18,0.81,0.83,0.29,0.16,43.92,Medium,3
ENV_SAMP_0324,34.81009,-79.70884,24.13,7.0,6.6,5.19,36.56,1109.26,208.61,15.4,2.48,0.18,8.64,38.03,Medium,3
ENV_SAMP_2316,24.88711,-81.22072,28.83,9.0,8.91,8.49,31.45,758.11,109.13,14.0,5.65,0.77,3.02,18.29,Low,2
ENV_SAMP_1745,24.80737,-118.891,19.99,7.94,19.05,7.47,36.55,1984.3,305.91,3.59,0.98,2.0,8.44,48.83,Medium,3
ENV_SAMP_0268,34.56203,140.79806,27.53,7.78,6.97,7.5,33.62,1022.74,190.41,22.02,1.25,0.46,8.47,35.04,Medium,3
ENV_SAMP_0776,0.86295,-79.50409,23.35,7.71,25.23,9.02,33.48,1451.46,207.5,8.33,1.93,0.92,7.1,39.26,Medium,3
ENV_SAMP_1613,14.45159,80.6938,32.25,8.27,6.52,6.23,36.16,924.81,151.85,6.97,1.25,1.63,2.86,25.57,Medium,3
ENV_SAMP_2203,25.00646,106.71691,24.9,8.11,24.93,3.63,31.53,1503.67,204.73,5.92,3.95,1.95,5.45,45.46,Medium,3
ENV_SAMP_2399,34.09347,138.59041,26.33,7.59,21.65,6.03,36.2,730.55,59.86,13.98,0.96,0.12,0.44,19.6,Low,2
ENV_SAMP_1799,36.52965,-118.32501,20.63,8.26,21.99,5.54,33.99,3500.0,500.0,0.54,3.16,1.59,9.92,73.12,High,1
ENV_SAMP_1724,17.57279,139.3543,23.07,7.48,2.99,6.27,33.39,934.38,175.2,20.72,1.05,1.73,7.77,34.32,Medium,3
ENV_SAMP_1071,36.27009,105.71685,26.08,7.32,7.53,3.92,36.76,456.88,53.21,13.87,0.88,1.3,0.09,20.78,Low,2
ENV_SAMP_0565,18.96748,-118.83281,19.28,7.48,26.54,2.01,33.11,1908.06,249.01,2.4,1.43,0.82,1.68,53.05,High,1
ENV_SAMP_0161,14.38589,103.19933,32.19,7.82,12.04,6.38,37.6,1254.26,205.52,9.8,1.16,0.45,7.61,36.6,Medium,3
ENV_SAMP_1310,-6.73182,72.59623,21.6,7.96,7.04,8.53,32.17,473.77,70.8,57.99,1.39,1.01,2.96,18.07,Low,2
ENV_SAMP_0453,13.21676,-79.79947,26.86,7.89,6.92,9.23,35.61,330.96,43.2,30.17,4.01,1.73,0.45,18.34,Low,2
ENV_SAMP_1532,27.11725,79.62474,24.56,8.34,2.99,6.55,33.14,981.61,186.1,13.61,0.53,0.38,6.97,35.31,Medium,3
ENV_SAMP_0854,18.45133,-116.97812,30.37,7.4,23.95,5.68,37.39,3500.0,500.0,0.6,0.7,1.5,7.36,72.94,High,1
ENV_SAMP_1802,35.97352,-117.86812,23.86,7.6,9.83,8.85,35.0,598.85,90.65,17.87,0.52,2.08,2.39,16.09,Low,2
ENV_SAMP_2455,14.38748,80.81275,17.91,7.41,6.3,6.39,37.3,1169.74,209.55,16.88,0.44,0.4,9.52,38.94,Medium,3
ENV_SAMP_0907,33.62031,139.86052,24.58,7.36,5.17,7.62,37.53,2927.23,500.0,1.22,1.41,0.39,9.34,62.09,High,1
ENV_SAMP_0151,0.53018,105.34623,21.43,7.01,7.03,8.59,33.33,1299.26,220.87,8.59,1.89,0.31,8.52,34.64,Medium,3
ENV_SAMP_1929,20.43213,138.55985,26.45,7.76,3.85,2.99,33.8,552.43,77.22,17.17,0.94,0.9,2.02,24.25,Low,2
ENV_SAMP_2402,25.33916,-80.55784,19.14,7.63,8.88,6.0,36.15,702.25,115.68,57.94,3.07,0.81,5.32,29.64,Medium,3
ENV_SAMP_0856,1.76128,141.05519,19.08,7.68,4.61,7.43,40.55,3500.0,500.0,0.3,1.88,1.68,0.87,63.09,High,1
ENV_SAMP_0788,24.95617,102.91214,23.73,7.07,11.94,4.59,32.8,759.59,108.75,19.87,2.65,1.37,4.02,25.98,Medium,3
ENV_SAMP_0837,24.42658,80.93917,24.64,7.63,1.25,7.05,33.17,701.13,121.69,12.56,1.52,1.79,3.86,24.12,Low,2
ENV_SAMP_0728,17.70488,102.6288,31.2,8.22,7.8,6.3,33.27,1130.05,207.35,18.5,2.37,2.1,9.3,38.5,Medium,3
ENV_SAMP_0964,-6.97979,-119.69946,19.89,7.76,28.2,6.1,30.85,1730.54,247.84,6.96,1.15,2.17,8.45,50.93,High,1
ENV_SAMP_0678,-6.27515,103.20069,21.26,7.94,3.02,7.37,33.78,442.82,73.24,16.33,2.2,1.02,1.5,18.3,Low,2
ENV_SAMP_1477,18.83797,-79.26172,26.98,7.63,5.15,6.08,30.87,485.72,86.28,52.39,0.56,1.37,3.26,19.41,Low,2
ENV_SAMP_1399,2.64193,-117.37008,21.72,8.1,10.91,6.4,34.73,701.36,84.11,9.09,1.24,0.97,0.68,20.31,Low,2
ENV_SAMP_0055,12.45009,72.15746,21.95,8.41,15.02,7.69,35.26,980.1,131.19,9.09,1.71,1.89,3.09,29.92,Medium,3
ENV_SAMP_0539,34.83169,-78.95482,21.69,8.54,11.51,4.69,38.51,820.29,114.33,12.56,1.56,0.19,3.67,30.26,Medium,3
ENV_SAMP_1765,-5.72685,106.92414,25.35,7.88,2.14,6.15,33.87,498.03,91.69,25.35,0.71,1.02,3.06,23.67,Low,2
ENV_SAMP_0711,18.48087,80.52319,20.66,7.9,5.11,4.52,35.53,653.37,115.04,39.45,3.6,0.68,5.17,27.92,Medium,3
ENV_SAMP_2119,35.9693,73.20288,18.75,8.04,7.32,8.49,36.14,314.48,34.37,28.11,1.2,0.05,0.11,9.9,Low,2
ENV_SAMP_2075,2.52071,102.88895,22.93,8.47,17.39,5.8,32.33,724.54,90.09,24.56,0.68,0.52,3.1,25.86,Medium,3
ENV_SAMP_0231,33.29857,-117.10203,22.8,7.25,11.51,7.63,34.66,1703.2,288.92,5.17,2.11,1.75,9.57,45.51,Medium,3
ENV_SAMP_1624,11.61324,81.47849,27.05,7.92,6.47,4.92,33.65,1530.02,239.16,2.22,2.16,0.55,0.26,35.37,Medium,3
ENV_SAMP_0301,33.55082,139.04218,23.9,8.52,5.12,5.89,37.32,1089.87,202.05,29.06,2.19,0.53,9.76,39.52,Medium,3
ENV_SAMP_2473,13.22191,-117.98006,23.39,8.14,2.43,8.0,33.44,908.75,139.14,5.88,0.6,1.4,2.22,21.47,Low,2
ENV_SAMP_1406,35.91919,105.30925,21.89,8.46,7.44,7.34,37.09,1171.73,198.45,8.91,0.6,0.84,7.04,30.98,Medium,3
ENV_SAMP_0399,36.79441,102.73178,28.29,7.53,51.78,5.99,32.92,1013.37,49.26,27.48,1.9,0.79,0.74,32.82,Medium,3
ENV_SAMP_2001,-5.60121,72.64449,31.54,8.09,11.09,6.96,30.94,1230.58,190.73,6.02,1.09,2.11,4.88,30.1,Medium,3
ENV_SAMP_1593,36.06324,105.48805,14.05,7.31,1.47,6.31,34.93,1193.1,208.23,4.41,2.01,1.01,4.09,28.35,Medium,3
ENV_SAMP_0573,-7.6589,105.42469,21.64,8.31,8.63,7.24,32.32,1392.17,201.72,3.07,2.05,1.03,1.17,28.4,Medium,3
ENV_SAMP_1061,25.56131,-78.80935,18.01,7.31,25.94,6.05,35.55,1411.8,189.27,8.4,1.25,1.57,6.18,40.67,Medium,3
ENV_SAMP_1851,33.05238,107.76931,33.02,7.08,7.55,9.85,34.99,1168.49,160.85,3.9,4.46,2.07,1.21,20.88,Low,2
ENV_SAMP_2178,13.79623,-117.57652,25.3,7.21,0.88,4.02,38.4,1516.69,253.66,2.65,1.36,1.12,2.83,35.33,Medium,3
ENV_SAMP_1768,-5.33609,105.97613,23.25,8.14,38.65,5.4,37.0,1838.5,216.3,4.78,0.1,1.46,4.99,45.15,Medium,3
ENV_SAMP_1743,33.53567,-79.91962,17.89,7.36,2.6,7.96,36.46,1018.5,204.79,22.12,1.76,0.7,9.24,28.34,Medium,3
ENV_SAMP_0643,17.85473,104.41409,15.74,7.63,4.14,9.12,34.24,203.55,25.18,46.54,1.29,0.69,0.16,12.21,Low,2
ENV_SAMP_0270,18.18207,-118.23688,24.98,8.39,12.28,8.61,32.0,957.22,159.04,17.99,5.91,0.65,6.2,29.7,Medium,3
ENV_SAMP_1260,26.43276,-81.05317,17.47,7.83,0.76,8.4,33.79,3183.69,500.0,0.82,0.63,2.15,8.21,63.66,High,1
ENV_SAMP_0698,0.36035,138.32353,18.24,8.5,9.23,4.1,35.05,1338.2,212.69,6.56,2.31,1.46,6.62,40.14,Medium,3
ENV_SAMP_1244,12.217,-117.58294,23.64,7.82,3.16,5.04,34.06,1914.03,339.95,3.21,1.2,1.44,9.57,54.25,High,1
ENV_SAMP_1383,20.25091,-117.38025,22.02,7.88,10.33,6.23,35.49,426.07,52.8,59.36,2.12,2.04,1.71,19.51,Low,2
ENV_SAMP_0113,0.22538,80.29741,26.23,7.56,1.2,9.72,32.15,1339.25,216.02,3.45,3.11,2.16,3.07,26.76,Medium,3
ENV_SAMP_2461,13.2853,103.26506,27.9,7.89,30.49,9.17,31.84,1285.95,159.27,27.44,0.36,0.86,7.54,36.98,Medium,3
ENV_SAMP_2135,33.83629,106.97255,36.0,7.41,28.71,5.76,30.28,2825.63,436.07,1.15,2.57,2.2,3.29,60.66,High,1
ENV_SAMP_1065,14.28475,106.5812,36.0,7.18,5.02,8.44,37.17,887.2,155.89,22.56,0.92,0.76,6.69,27.31,Medium,3
ENV_SAMP_0790,-6.03699,71.95499,27.94,7.96,0.64,6.65,36.72,1236.66,209.24,5.39,0.74,0.79,5.93,32.84,Medium,3
ENV_SAMP_1826,36.29691,72.19778,27.74,8.87,11.37,7.34,36.04,736.47,107.1,20.11,0.18,1.14,3.89,21.95,Low,2
ENV_SAMP_1181,0.27332,104.33847,26.78,7.67,21.22,7.93,33.48,1378.8,218.38,14.49,4.43,1.75,9.06,42.7,Medium,3
ENV_SAMP_1684,25.14724,-79.4919,15.94,7.48,0.5,6.3,36.96,616.41,96.92,10.8,1.13,1.22,2.08,20.85,Low,2
ENV_SAMP_1356,35.65616,-118.59255,28.24,8.29,6.71,6.86,30.42,633.03,86.81,8.98,1.53,0.24,0.36,10.49,Low,2
ENV_SAMP_0899,34.52439,-81.02679,24.86,7.36,15.88,4.75,35.56,709.69,80.83,18.0,0.87,0.76,2.35,27.14,Medium,3
ENV_SAMP_0933,17.88756,-117.41475,22.18,8.13,26.66,8.03,36.75,1245.52,167.15,15.73,1.46,0.93,6.69,36.37,Medium,3
ENV_SAMP_1968,33.87021,80.09555,25.13,8.22,40.06,6.32,32.05,1673.48,195.36,8.49,1.4,1.65,6.48,47.06,Medium,3
ENV_SAMP_0998,35.98505,-119.42434,24.85,7.12,8.29,7.43,36.76,1030.62,147.43,5.91,0.89,1.17,2.46,27.72,Medium,3
ENV_SAMP_2423,1.05509,-80.1065,24.24,8.27,8.74,9.58,37.38,671.17,87.27,10.41,0.25,1.69,1.24,10.78,Low,2
ENV_SAMP_1895,0.06901,79.26373,29.84,8.43,6.8,5.19,35.88,1366.32,221.03,4.96,1.42,0.62,5.94,34.03,Medium,3
ENV_SAMP_0335,-5.5383,-117.37322,22.25,7.94,6.44,9.51,35.25,1090.42,205.35,27.74,0.82,1.62,9.8,30.24,Medium,3
ENV_SAMP_0297,2.16223,-119.41153,22.66,7.64,7.36,4.66,32.04,1142.1,196.62,11.74,1.71,1.72,7.9,35.75,Medium,3
ENV_SAMP_1228,33.00533,139.83929,19.37,8.02,14.67,6.69,33.09,1871.23,282.15,3.32,1.11,2.19,6.4,41.33,Medium,3
ENV_SAMP_0045,32.83516,79.00882,23.02,8.59,12.15,7.42,38.25,1952.26,291.16,2.14,0.67,1.62,3.6,42.19,Medium,3
ENV_SAMP_1995,-7.14212,-119.15484,15.61,8.22,4.61,5.9,30.78,911.26,144.7,6.8,1.97,0.86,2.91,27.63,Medium,3
ENV_SAMP_2202,11.65429,105.194,27.91,7.84,23.24,5.2,36.75,1361.02,167.67,5.99,1.35,1.16,3.57,36.88,Medium,3
ENV_SAMP_1774,1.30694,-80.70932,26.29,7.96,43.03,6.5,35.06,2757.21,356.1,1.5,0.33,1.17,3.22,58.77,High,1
ENV_SAMP_2209,12.35244,80.27174,23.9,8.31,1.04,7.77,32.62,1104.96,227.35,14.56,2.22,0.6,9.24,42.12,Medium,3
ENV_SAMP_0269,26.3626,80.98048,18.44,7.41,1.84,8.11,35.83,829.1,151.27,11.92,4.43,1.57,5.05,22.17,Low,2
ENV_SAMP_1027,34.83087,-78.9422,33.95,7.96,5.07,7.23,36.38,1099.81,159.26,4.78,2.72,0.29,1.84,25.51,Medium,3
ENV_SAMP_2241,11.92271,73.48698,19.11,8.1,0.78,4.75,33.26,1094.7,210.38,17.62,0.23,1.41,9.7,39.07,Medium,3
ENV_SAMP_0786,32.71054,107.10438,28.18,8.6,17.43,6.22,34.68,1681.35,268.03,6.22,0.58,2.15,9.25,50.54,High,1
ENV_SAMP_0496,25.55949,106.08639,25.24,7.31,8.26,6.23,35.19,1048.43,172.67,11.15,4.02,1.31,6.19,35.25,Medium,3
ENV_SAMP_0435,17.95216,102.59668,22.37,7.84,1.59,6.13,33.0,237.02,34.34,38.21,1.02,0.78,0.48,13.66,Low,2
ENV_SAMP_0175,-5.88349,-117.85478,22.35,8.52,5.29,6.53,33.08,3197.43,500.0,0.73,4.8,2.19,6.27,62.32,High,1
ENV_SAMP_1866,14.13973,103.571,21.06,8.6,2.79,6.28,34.57,2059.87,337.66,1.5,1.66,1.36,1.86,42.78,Medium,3
ENV_SAMP_2267,36.78567,80.57753,24.39,7.19,25.86,6.82,32.49,997.39,82.94,7.52,2.0,0.24,0.28,25.8,Medium,3
ENV_SAMP_0362,20.22313,106.11688,23.67,8.3,4.72,6.72,35.42,829.49,119.75,8.15,2.67,1.73,2.42,21.82,Low,2
ENV_SAMP_0910,-6.80343,-80.70676,16.63,7.76,19.63,8.48,36.06,774.58,76.04,9.85,2.84,0.16,0.62,19.5,Low,2
ENV_SAMP_0125,12.88597,81.00981,23.62,7.08,4.07,5.35,37.68,1596.09,278.93,5.76,2.71,1.54,9.71,43.58,Medium,3
ENV_SAMP_1093,20.32083,107.33757,27.98,8.32,9.11,8.96,34.43,1907.94,317.33,3.3,2.11,1.16,8.47,43.41,Medium,3
ENV_SAMP_1637,-6.96859,140.20685,26.95,7.3,1.78,8.13,33.45,776.63,160.31,22.0,1.57,1.57,6.72,26.14,Medium,3
ENV_SAMP_0965,24.69293,79.8586,23.28,7.51,0.5,5.88,37.76,557.18,109.48,29.44,0.76,0.31,4.4,21.66,Low,2
ENV_SAMP_0404,33.53266,-80.28895,20.47,7.85,2.72,5.35,31.46,1009.63,206.59,16.08,2.03,0.11,8.35,33.25,Medium,3
ENV_SAMP_2037,36.318,-79.63837,23.7,8.32,4.51,3.59,31.64,585.42,69.38,8.85,1.83,1.35,0.05,25.88,Medium,3
ENV_SAMP_1556,14.53209,106.92817,22.64,8.19,3.9,7.08,34.8,709.54,98.46,7.29,0.67,1.67,0.78,15.25,Low,2
ENV_SAMP_2147,2.41665,-116.94001,23.89,7.05,1.97,7.68,33.96,708.39,116.21,12.84,1.52,0.55,3.43,22.08,Low,2
ENV_SAMP_0931,-7.65447,-117.23338,21.3,7.55,20.8,5.29,30.8,1128.56,171.11,19.87,1.77,1.65,7.13,38.97,Medium,3
ENV_SAMP_1991,17.92467,71.61213,25.28,7.77,5.38,9.07,34.6,731.2,108.02,9.18,1.0,1.14,2.18,22.39,Low,2
ENV_SAMP_0085,24.92147,106.55532,19.6,6.81,6.58,8.13,34.59,2854.35,500.0,0.79,0.39,0.72,2.14,53.88,High,1
ENV_SAMP_0364,25.64553,105.93,15.96,7.39,21.49,3.81,32.67,1086.59,170.82,51.9,0.14,2.09,8.14,43.47,Medium,3
ENV_SAMP_1372,33.437,78.80773,24.25,7.72,23.68,6.92,39.06,1022.17,139.77,37.13,0.99,1.78,6.37,30.15,Medium,3
ENV_SAMP_1855,1.09758,106.73652,18.38,8.85,3.44,6.35,36.13,2162.77,396.69,2.41,0.94,1.61,9.5,52.02,High,1
ENV_SAMP_0566,34.26349,138.34241,17.36,7.34,4.23,8.07,37.4,1179.52,187.27,5.42,0.25,0.86,4.27,25.6,Medium,3
ENV_SAMP_1697,13.74921,72.16806,24.79,7.09,30.07,5.99,36.01,1411.01,191.24,14.16,1.84,0.37,7.78,43.96,Medium,3
ENV_SAMP_2333,35.08543,108.14281,15.47,7.28,5.78,8.11,34.3,531.77,87.62,18.72,3.65,1.84,2.47,16.77,Low,2
ENV_SAMP_2136,0.01135,78.79402,21.2,7.33,6.34,5.38,33.39,575.25,95.47,47.21,0.33,1.05,4.35,24.97,Low,2
ENV_SAMP_1478,-4.71309,107.74046,25.32,7.44,2.38,6.46,33.45,594.46,100.32,20.52,0.54,1.71,3.39,23.25,Low,2
ENV_SAMP_0802,13.68747,-117.47038,17.75,8.36,19.43,7.94,33.89,1445.56,207.2,5.76,0.41,0.63,5.39,39.71,Medium,3
ENV_SAMP_1936,-7.28894,-78.71221,28.46,8.17,5.14,7.6,34.53,845.16,167.35,39.57,1.49,1.69,7.71,29.55,Medium,3
ENV_SAMP_2287,35.72592,139.92065,24.5,7.6,8.9,10.98,32.06,880.08,115.41,6.72,0.8,1.53,1.7,16.3,Low,2
ENV_SAMP_0574,34.42067,-79.1245,25.39,7.69,32.03,5.22,32.84,1176.69,135.82,29.49,1.18,1.73,6.15,37.57,Medium,3
ENV_SAMP_2061,35.20852,106.85327,24.73,7.25,48.78,5.71,34.89,2395.92,287.8,3.09,3.05,0.3,6.3,59.93,High,1
ENV_SAMP_0349,14.00797,104.03179,24.43,7.97,7.98,5.12,36.94,463.81,60.93,32.77,0.86,1.8,1.76,14.79,Low,2
ENV_SAMP_0369,12.81328,73.00701,28.25,7.87,13.2,5.03,33.97,2091.73,345.69,2.97,2.55,1.95,8.91,48.05,Medium,3
ENV_SAMP_1712,1.8377,80.16065,32.37,7.05,30.24,9.22,35.69,2035.29,297.42,4.16,0.96,1.62,8.56,51.65,High,1
ENV_SAMP_2206,0.25911,-117.92877,31.54,7.28,20.34,9.29,37.57,785.97,93.25,22.17,2.89,1.9,2.82,26.1,Medium,3
ENV_SAMP_0127,35.11595,104.24346,25.64,7.57,17.93,5.24,35.92,1318.72,194.49,6.7,0.72,0.61,5.38,38.06,Medium,3
ENV_SAMP_1430,34.72155,-81.54041,28.44,7.85,12.72,6.05,34.59,1212.88,194.7,13.27,0.66,1.85,8.15,37.84,Medium,3
ENV_SAMP_2082,0.79213,107.0029,29.08,8.1,50.81,5.88,37.71,3132.06,437.49,1.74,3.09,2.12,8.72,76.35,Critical,0
ENV_SAMP_1121,14.42027,139.65025,24.21,8.21,10.54,3.19,36.78,726.09,109.26,32.91,1.22,1.15,4.76,32.26,Medium,3
ENV_SAMP_2063,1.56123,139.72951,27.1,7.73,18.37,6.14,31.39,3390.93,500.0,0.78,0.48,0.2,7.01,73.65,High,1
ENV_SAMP_1657,34.36279,138.89903,25.02,7.33,11.6,8.7,34.51,883.45,112.19,6.94,1.28,1.62,1.26,21.16,Low,2
ENV_SAMP_1974,11.62314,140.01048,25.55,7.0,14.7,5.83,33.35,1689.55,243.29,3.0,1.01,0.27,3.39,40.24,Medium,3
ENV_SAMP_0553,-5.69968,103.06102,22.28,7.44,28.35,7.6,30.92,1237.46,160.44,13.95,1.64,0.61,5.68,38.39,Medium,3
ENV_SAMP_0158,35.68455,-80.35612,22.62,7.22,1.72,7.67,36.85,557.7,94.55,10.28,0.74,1.61,1.52,19.11,Low,2
ENV_SAMP_0989,35.90942,106.4991,26.73,7.65,10.49,8.06,37.15,1708.05,272.23,3.81,1.85,1.71,7.0,41.51,Medium,3
ENV_SAMP_2392,0.61924,104.93382,16.4,7.05,11.49,4.94,32.95,357.47,33.07,30.2,1.83,1.28,0.19,17.77,Low,2
ENV_SAMP_0805,1.38877,-118.52912,24.68,7.84,8.02,3.41,32.53,924.66,170.86,29.97,1.28,2.19,7.71,39.1,Medium,3
ENV_SAMP_1438,17.68426,-80.41163,28.2,7.71,14.35,6.55,38.7,623.29,66.19,17.81,2.1,0.46,1.77,20.28,Low,2
ENV_SAMP_0412,-6.38271,107.79132,29.71,7.28,25.48,7.52,32.15,1176.16,147.71,20.07,0.21,1.92,6.64,35.41,Medium,3
ENV_SAMP_0171,35.41497,103.22237,18.7,7.51,11.88,4.7,37.56,1283.95,192.77,6.32,1.25,0.67,5.19,36.41,Medium,3
ENV_SAMP_0815,24.94022,74.35686,30.77,7.48,27.82,5.67,34.69,1199.22,159.19,53.53,3.14,0.26,8.04,41.73,Medium,3
ENV_SAMP_0450,18.11517,-119.02961,23.73,7.95,9.13,5.17,36.25,1060.83,140.76,4.15,0.63,0.74,0.17,27.68,Medium,3
ENV_SAMP_0712,35.11507,81.16058,22.44,7.9,26.23,6.55,32.68,735.03,64.59,44.96,0.82,1.11,2.2,26.01,Medium,3
ENV_SAMP_0731,26.55548,72.71205,31.19,7.63,9.5,8.38,36.45,1183.38,195.85,9.59,1.36,0.63,6.96,34.4,Medium,3
ENV_SAMP_0813,24.39636,105.94862,18.9,8.13,3.91,7.65,33.69,1244.39,215.79,7.79,2.62,2.07,7.94,28.64,Medium,3
ENV_SAMP_2323,35.09181,71.46434,20.21,7.44,7.54,4.67,38.88,908.48,153.05,16.47,1.65,0.45,5.91,34.42,Medium,3
ENV_SAMP_2140,1.01309,102.55318,24.49,8.06,4.95,5.46,36.24,1320.62,200.96,3.06,0.42,1.43,0.84,34.79,Medium,3
ENV_SAMP_1647,1.94802,-117.17614,27.25,7.24,37.75,7.4,32.59,884.38,53.97,27.72,1.26,1.24,1.35,25.68,Medium,3
ENV_SAMP_0003,-5.83388,-79.3254,26.55,8.3,2.18,8.42,34.83,739.91,123.7,12.74,0.63,0.14,3.96,16.62,Low,2
ENV_SAMP_2481,-5.93712,103.9802,23.99,7.15,0.94,6.76,35.34,1315.53,245.44,7.24,5.41,1.49,9.14,41.51,Medium,3
ENV_SAMP_1306,35.04475,-117.06329,28.69,8.3,16.08,9.73,36.18,1285.2,203.01,18.05,1.4,0.27,9.26,30.26,Medium,3
ENV_SAMP_1156,-6.04171,139.76294,27.74,7.18,1.68,5.62,30.34,540.25,98.88,24.03,2.07,1.7,3.55,19.68,Low,2
ENV_SAMP_1986,35.5216,-119.44643,31.3,7.89,4.58,6.59,32.23,1017.63,197.2,16.88,1.25,0.89,8.26,32.9,Medium,3
ENV_SAMP_0859,0.42693,-117.05798,18.05,8.13,1.42,7.63,30.57,890.11,183.03,17.48,1.18,1.72,7.36,32.27,Medium,3
ENV_SAMP_0556,-5.26186,-80.22952,23.17,7.9,2.97,6.22,34.64,3500.0,500.0,0.2,1.43,0.07,5.35,68.59,High,1
ENV_SAMP_1054,-5.72584,104.85713,31.67,8.02,0.5,7.71,34.63,706.98,137.4,15.53,3.56,0.32,4.9,22.39,Low,2
ENV_SAMP_0823,27.04515,-118.38981,23.71,8.61,9.71,3.24,35.49,1564.71,261.97,5.23,0.4,0.76,8.01,45.61,Medium,3
ENV_SAMP_1118,17.59906,73.44332,19.89,7.93,14.74,3.33,32.91,1663.74,257.33,5.31,2.63,0.76,8.11,50.83,High,1
ENV_SAMP_0702,35.51019,139.5498,24.45,7.99,2.07,5.03,31.52,726.62,130.08,25.9,3.59,1.89,5.73,26.01,Medium,3
ENV_SAMP_1050,26.60289,140.09126,27.26,8.3,9.25,5.37,36.47,3500.0,500.0,0.32,5.09,1.83,5.4,71.23,High,1
ENV_SAMP_0153,34.97637,103.86484,25.11,7.29,9.44,7.32,32.42,1491.17,257.23,9.23,2.16,1.29,9.91,45.56,Medium,3
ENV_SAMP_1273,13.98062,107.32836,21.0,8.24,1.97,8.08,27.95,1317.52,245.59,6.09,1.53,0.41,7.65,31.2,Medium,3
ENV_SAMP_0926,34.30082,81.46854,28.9,7.51,15.22,5.34,36.85,1293.86,195.91,8.46,0.38,1.27,6.64,44.8,Medium,3
ENV_SAMP_2482,2.31178,81.33422,29.61,7.72,21.65,6.89,36.5,924.39,114.37,16.87,3.99,1.67,3.81,30.87,Medium,3
ENV_SAMP_0835,13.41231,80.48504,26.91,8.33,23.31,6.24,34.26,1268.16,175.48,24.68,1.23,0.51,8.24,37.8,Medium,3
ENV_SAMP_1873,-5.46091,-119.42946,23.66,7.44,13.89,8.66,36.46,1266.1,205.71,14.03,1.06,0.71,8.66,33.07,Medium,3
ENV_SAMP_1123,25.20112,104.86591,20.86,7.82,21.2,7.42,33.5,1222.21,177.63,11.18,2.28,0.93,5.83,36.6,Medium,3
ENV_SAMP_1669,-7.51729,79.27029,17.88,8.03,8.17,8.88,35.57,1162.61,184.43,8.46,0.71,0.59,6.04,30.63,Medium,3
ENV_SAMP_0126,1.49793,-119.70221,20.85,7.61,15.96,6.54,36.5,872.36,128.67,23.6,3.69,0.9,5.09,24.64,Low,2
ENV_SAMP_0313,12.01316,139.10744,27.03,8.11,1.86,6.66,30.44,907.28,170.36,10.96,3.7,1.24,5.6,35.42,Medium,3
ENV_SAMP_1888,-5.50142,138.40943,29.56,7.8,2.04,4.8,36.58,2095.72,359.82,2.16,2.39,0.2,7.06,49.89,Medium,3
ENV_SAMP_0665,2.67232,139.94479,27.14,8.28,3.12,7.79,39.16,1284.7,231.53,6.2,1.31,1.09,7.21,36.06,Medium,3
ENV_SAMP_0862,1.64888,104.61184,22.29,8.59,3.03,5.32,35.19,379.63,52.36,19.38,1.12,0.96,0.76,19.08,Low,2
ENV_SAMP_1353,1.87111,-117.58126,21.18,7.78,9.27,6.06,35.43,2159.02,345.75,1.66,0.48,1.64,3.02,45.31,Medium,3
ENV_SAMP_1144,12.15975,139.66721,24.5,7.76,23.19,5.55,33.89,1149.97,136.23,8.73,1.93,1.54,3.86,33.17,Medium,3
ENV_SAMP_0428,2.49469,-119.25232,29.23,6.0,2.06,3.43,33.5,1158.71,210.14,6.45,2.82,1.21,6.33,33.13,Medium,3
ENV_SAMP_1535,12.16249,-80.23311,24.18,7.53,14.29,7.89,32.0,840.76,132.9,23.61,0.55,1.97,5.05,28.89,Medium,3
ENV_SAMP_0380,33.58569,105.66167,25.63,7.58,5.65,6.88,36.15,666.04,110.46,14.46,1.78,0.56,2.92,26.34,Medium,3
ENV_SAMP_2024,19.4275,140.75693,20.34,7.47,46.49,5.9,36.83,1417.56,153.52,21.14,5.63,0.68,6.12,45.14,Medium,3
ENV_SAMP_2044,34.77804,74.05461,28.07,8.03,1.44,9.02,34.29,894.04,146.54,6.31,1.19,1.97,2.5,22.98,Low,2
ENV_SAMP_0172,20.37498,140.05332,29.31,7.32,0.53,7.81,40.93,2436.08,432.75,1.82,1.32,1.5,9.64,56.22,High,1
ENV_SAMP_1142,17.83277,138.52716,18.62,8.14,3.17,10.01,32.84,1541.23,249.11,3.15,0.39,0.2,4.28,23.23,Low,2
ENV_SAMP_1435,12.47208,106.27814,33.17,7.94,9.55,8.04,36.97,1023.8,182.69,17.88,1.45,1.3,8.05,34.14,Medium,3
ENV_SAMP_1627,12.88216,-119.40284,24.24,7.88,5.04,8.05,34.29,904.83,175.77,32.43,0.53,2.02,8.01,28.54,Medium,3
ENV_SAMP_0653,1.35473,79.14675,27.87,8.7,3.39,4.38,31.26,744.67,134.6,12.75,1.29,0.4,4.28,31.76,Medium,3
ENV_SAMP_0672,2.52568,107.54508,20.16,7.7,12.67,8.58,31.07,1126.44,184.82,12.32,1.04,0.26,6.51,29.69,Medium,3
ENV_SAMP_1620,17.74753,140.98923,26.64,7.93,4.08,6.03,36.17,322.54,38.48,32.11,0.81,1.7,0.55,15.16,Low,2
ENV_SAMP_2234,12.42405,105.10761,26.16,7.72,13.42,3.9,38.07,1130.49,162.53,7.16,1.29,1.57,4.18,35.02,Medium,3
ENV_SAMP_0038,1.63141,107.5918,36.0,8.57,6.7,4.84,36.11,1173.61,211.21,11.41,1.43,0.11,8.48,37.84,Medium,3
ENV_SAMP_0886,13.7104,139.25479,19.93,8.0,5.61,6.69,35.11,861.23,155.31,50.49,1.75,0.91,7.71,29.92,Medium,3
ENV_SAMP_0936,-5.60093,81.31841,27.07,7.84,11.18,7.45,32.39,723.6,109.68,18.62,1.19,1.4,3.92,18.72,Low,2
ENV_SAMP_0012,32.63256,74.01785,30.69,7.59,14.14,6.34,32.87,900.58,135.77,23.2,1.33,1.48,5.86,31.2,Medium,3
ENV_SAMP_0117,11.73569,139.44504,26.74,8.52,2.47,5.72,34.21,1780.93,279.4,1.91,3.26,0.45,1.55,38.46,Medium,3
ENV_SAMP_1376,33.7475,-80.28419,30.12,7.89,6.23,5.97,36.04,1269.91,224.54,6.65,0.5,1.81,6.84,39.0,Medium,3
ENV_SAMP_0341,33.87992,102.35394,15.85,8.33,4.15,3.96,39.31,1440.47,269.19,7.42,0.32,0.67,9.98,47.33,Medium,3
ENV_SAMP_0807,14.38552,105.86465,20.66,6.9,5.65,7.91,37.11,678.0,108.16,19.6,1.44,0.1,3.97,20.74,Low,2
ENV_SAMP_0595,-5.09477,73.90693,24.93,7.97,6.48,7.15,35.93,804.66,122.65,8.89,0.4,1.29,2.77,19.75,Low,2
ENV_SAMP_0336,-5.22054,107.66372,21.87,7.73,2.48,4.7,35.65,1282.05,191.57,3.04,0.49,0.17,0.67,30.59,Medium,3
ENV_SAMP_2070,20.19984,72.9184,20.86,7.08,31.27,4.27,33.85,854.75,62.92,21.82,1.37,0.94,1.7,31.28,Medium,3
ENV_SAMP_2410,-5.63264,81.43796,21.72,8.49,18.46,10.48,35.01,506.69,38.9,37.13,1.99,0.87,0.6,16.26,Low,2
ENV_SAMP_1453,20.20631,106.10399,21.51,7.68,0.5,8.21,29.85,871.29,170.08,11.74,0.25,1.44,6.02,25.28,Medium,3
ENV_SAMP_1877,32.55493,103.9559,26.08,8.09,39.97,8.05,35.89,1246.18,96.34,8.84,1.06,1.96,1.36,31.43,Medium,3
ENV_SAMP_1475,19.97505,105.11725,30.08,7.75,16.67,6.43,38.97,1769.75,284.11,4.3,4.72,0.9,7.86,48.49,Medium,3
ENV_SAMP_2359,-4.94444,78.87064,25.93,8.72,3.55,10.35,33.07,753.99,125.54,7.79,1.33,0.95,1.8,17.29,Low,2
ENV_SAMP_2412,27.25043,-118.0449,24.35,7.86,20.12,7.09,31.97,1042.98,142.03,34.02,0.44,2.19,6.68,30.54,Medium,3
ENV_SAMP_2128,-6.80099,72.37848,19.6,8.01,1.76,7.34,38.19,1051.78,210.06,16.58,2.43,0.59,9.03,35.24,Medium,3
ENV_SAMP_0488,13.71971,105.44321,22.27,7.8,6.33,9.77,35.47,1144.08,207.35,21.28,3.93,0.42,9.81,32.39,Medium,3
ENV_SAMP_0246,14.3888,108.18064,29.71,8.0,55.37,5.8,33.41,2279.88,268.59,4.22,1.08,0.12,7.15,56.04,High,1
ENV_SAMP_0328,1.07633,108.19092,24.14,7.51,10.78,4.27,34.24,1985.85,322.11,3.02,2.05,0.53,8.13,49.71,Medium,3
ENV_SAMP_0719,34.69556,108.14362,34.28,7.86,9.15,4.76,34.29,580.75,83.96,37.29,1.95,1.4,3.19,23.81,Low,2
ENV_SAMP_0413,27.20131,72.71504,29.62,6.9,0.63,5.47,28.47,3500.0,500.0,0.29,2.34,2.02,8.61,63.68,High,1
ENV_SAMP_2347,34.43551,80.47856,26.14,7.39,26.34,2.41,32.66,676.92,52.74,25.51,0.7,0.63,0.58,30.89,Medium,3
ENV_SAMP_1972,14.08926,-117.73449,32.53,7.84,4.13,7.78,35.84,584.2,74.14,13.84,2.3,0.17,1.83,19.77,Low,2
ENV_SAMP_0315,1.10817,-79.83076,20.72,8.18,2.15,4.81,36.22,819.74,151.56,12.61,1.09,1.8,5.32,30.13,Medium,3
ENV_SAMP_0550,25.8026,104.16624,19.49,7.86,0.76,9.35,38.04,1121.97,189.66,4.93,1.31,0.93,3.94,24.07,Low,2
ENV_SAMP_2314,33.01457,138.52052,24.66,7.25,15.46,9.1,35.11,716.88,77.35,15.19,0.57,0.06,1.58,29.19,Medium,3
ENV_SAMP_0398,2.1116,106.87156,21.44,7.94,4.32,3.73,34.28,827.49,169.83,27.54,2.82,1.8,7.59,35.29,Medium,3
ENV_SAMP_0204,24.87332,80.63456,27.85,7.65,11.8,10.25,35.96,854.41,133.42,15.42,1.1,1.79,4.69,20.56,Low,2
ENV_SAMP_1341,26.34396,103.86102,24.02,7.41,0.54,8.12,37.23,1569.16,278.88,3.28,1.31,1.12,6.16,38.94,Medium,3
ENV_SAMP_0687,24.28612,-117.89145,22.64,6.93,6.51,6.57,35.07,521.62,101.07,40.58,3.34,1.13,3.84,17.64,Low,2
ENV_SAMP_0420,-5.37053,105.13149,21.91,7.76,4.41,6.12,31.59,1053.49,197.78,21.96,1.66,1.12,9.3,34.17,Medium,3
ENV_SAMP_1019,-6.38547,-78.97194,25.66,7.69,5.65,5.67,34.02,582.0,82.53,17.61,1.07,0.36,2.29,18.01,Low,2
ENV_SAMP_1395,35.04961,104.9756,26.5,7.89,8.25,7.33,33.19,1132.77,180.84,77.65,0.82,0.4,9.2,33.13,Medium,3
ENV_SAMP_1384,24.48392,71.42186,26.86,7.8,11.07,5.32,33.59,826.69,133.72,15.8,0.84,1.08,4.71,34.82,Medium,3
ENV_SAMP_0769,36.53693,-80.7254,19.6,8.23,13.58,1.93,33.1,615.17,73.58,47.93,2.31,0.25,3.09,30.34,Medium,3
ENV_SAMP_1533,20.22069,-80.25515,30.03,8.06,11.44,6.65,34.87,837.75,116.6,9.8,0.98,1.2,2.9,22.92,Low,2
ENV_SAMP_0752,-5.09118,81.52123,25.01,8.23,0.5,6.57,32.44,1864.6,322.47,1.64,0.84,0.37,1.59,39.17,Medium,3
ENV_SAMP_2424,19.07825,104.67379,29.33,8.34,21.92,8.74,31.98,680.73,60.54,17.87,2.07,0.6,1.24,18.84,Low,2
ENV_SAMP_2490,20.17904,105.4473,18.69,7.72,16.39,5.47,34.72,878.42,103.47,8.85,1.53,2.03,1.46,27.13,Medium,3
ENV_SAMP_1241,13.53671,-118.23454,22.44,8.25,26.06,5.01,32.25,777.05,58.97,11.73,0.75,0.65,0.01,24.71,Low,2
ENV_SAMP_0668,12.62252,105.69835,23.46,7.83,10.47,6.64,34.73,2762.88,474.83,0.95,6.0,2.06,2.94,52.3,High,1
ENV_SAMP_2448,26.16773,-118.94918,20.16,7.1,15.71,6.83,36.1,1695.48,272.98,5.49,1.13,0.79,8.92,46.68,Medium,3
ENV_SAMP_2015,13.17333,140.34016,18.18,8.25,25.85,3.33,37.48,1330.86,186.62,17.2,1.15,0.6,8.17,45.84,Medium,3
ENV_SAMP_2101,-4.7427,-116.87308,27.92,7.3,16.63,6.67,34.49,731.91,85.75,29.72,1.32,0.78,3.14,24.47,Low,2
ENV_SAMP_2496,-5.31745,106.75325,27.38,7.51,15.54,4.25,35.51,3500.0,500.0,0.31,1.76,1.66,9.8,77.2,Critical,0
ENV_SAMP_0074,-6.45217,73.61189,25.65,7.71,7.36,8.33,37.41,380.75,50.08,27.3,1.04,2.11,1.18,14.75,Low,2
ENV_SAMP_1208,25.54887,79.72187,22.86,8.07,9.94,5.85,32.83,494.38,66.12,19.85,3.06,1.43,1.24,18.07,Low,2
ENV_SAMP_1836,-5.11251,79.96332,31.88,7.9,9.01,4.8,35.7,1839.07,290.22,2.18,1.28,2.0,3.03,44.27,Medium,3
ENV_SAMP_1909,26.31954,-117.24037,25.47,7.29,3.73,8.2,31.71,334.89,47.26,22.82,2.21,1.07,0.74,13.22,Low,2
ENV_SAMP_0909,12.46522,-118.87851,30.11,7.38,7.9,5.24,34.87,1009.92,179.96,18.11,1.49,0.57,7.47,36.39,Medium,3
ENV_SAMP_1348,26.67229,140.59911,23.41,7.55,15.17,8.2,37.44,1489.28,232.66,7.72,2.76,0.75,8.25,44.05,Medium,3
ENV_SAMP_1124,18.31362,139.25983,24.86,8.4,15.14,7.5,34.93,477.6,51.0,28.88,0.1,1.38,1.03,17.91,Low,2
ENV_SAMP_0396,27.21874,138.70659,29.13,7.2,7.95,6.46,32.67,685.7,99.22,9.31,1.7,0.13,1.25,22.39,Low,2
ENV_SAMP_1792,35.51623,78.78524,23.71,8.23,15.49,2.64,36.58,1061.65,137.33,11.81,1.1,0.23,4.86,35.87,Medium,3
ENV_SAMP_0342,34.21014,108.10343,17.25,7.64,6.62,6.33,34.57,1245.7,224.67,9.25,0.58,1.55,8.73,38.25,Medium,3
ENV_SAMP_1408,14.02731,-81.34745,30.22,7.1,5.97,4.74,33.29,1038.66,190.66,58.28,0.1,1.46,9.79,39.53,Medium,3
ENV_SAMP_2210,2.17326,-79.12323,21.53,8.22,17.56,4.65,37.58,1635.05,246.4,4.94,0.71,1.56,7.0,42.84,Medium,3
ENV_SAMP_1400,-5.67168,140.10789,18.09,7.34,15.16,9.07,29.87,1681.2,240.65,3.07,2.05,1.8,3.37,38.49,Medium,3
ENV_SAMP_0434,33.16031,106.71323,21.58,7.27,4.01,3.76,32.8,977.1,156.81,11.67,3.88,1.83,5.86,33.15,Medium,3
ENV_SAMP_2158,-7.12479,-118.22095,26.2,8.18,35.88,6.6,37.74,1369.54,166.97,22.48,1.34,0.51,6.82,39.68,Medium,3
ENV_SAMP_1276,2.40478,-119.13737,29.6,7.19,57.64,6.69,36.4,3037.18,385.71,1.8,1.8,0.41,6.17,70.09,High,1
ENV_SAMP_0688,12.04671,74.25249,28.94,7.56,0.5,6.93,32.05,215.31,28.29,71.66,3.24,0.17,0.75,11.83,Low,2
ENV_SAMP_0985,20.30868,104.3578,25.47,8.25,36.63,9.22,36.37,1302.53,144.85,23.05,0.27,1.42,6.14,38.32,Medium,3
ENV_SAMP_1006,-5.16541,103.11475,26.49,8.44,19.03,7.26,36.37,1305.52,212.39,20.63,1.26,0.6,9.52,38.36,Medium,3
ENV_SAMP_0327,11.61448,103.80169,30.17,7.23,22.58,6.98,36.57,3310.46,500.0,1.0,0.3,1.11,8.21,69.56,High,1
ENV_SAMP_0578,27.00981,72.65953,19.81,8.79,13.14,6.27,36.13,1165.2,165.64,9.06,0.83,0.14,5.68,34.7,Medium,3
ENV_SAMP_1201,18.87308,-118.18293,18.61,7.45,18.69,9.88,30.55,1398.07,204.1,7.99,0.43,0.62,6.78,31.18,Medium,3
ENV_SAMP_0209,2.07048,103.47009,22.01,7.79,0.61,10.66,33.3,868.0,194.25,48.78,1.3,1.62,9.62,25.15,Medium,3
ENV_SAMP_0131,35.26972,-116.76117,23.12,7.54,17.21,6.36,33.95,1077.64,150.15,21.87,4.15,0.3,6.89,34.69,Medium,3
ENV_SAMP_2080,25.9969,80.72941,23.94,7.99,6.25,6.1,33.02,319.3,38.1,41.32,0.7,0.87,0.96,21.07,Low,2
ENV_SAMP_2280,32.8899,140.37855,21.01,7.42,4.76,6.43,31.87,1625.24,261.66,3.03,1.05,2.09,5.22,44.86,Medium,3
ENV_SAMP_0483,18.62061,-117.48146,23.69,7.27,30.38,6.0,35.41,2716.42,408.21,1.04,2.7,1.11,0.34,51.33,High,1
ENV_SAMP_1869,12.41061,73.98648,24.83,7.29,4.12,6.38,35.57,1507.82,248.68,4.15,2.29,1.99,6.36,32.15,Medium,3
ENV_SAMP_0479,35.92305,-81.50045,22.28,8.26,12.8,8.03,34.55,1007.8,160.33,21.47,0.31,0.06,7.11,27.97,Medium,3
ENV_SAMP_2360,34.32098,-118.0588,21.33,7.38,1.95,6.49,32.07,825.94,124.45,6.6,1.93,1.9,1.96,22.32,Low,2
ENV_SAMP_1928,12.55764,138.56846,17.98,7.07,0.5,5.76,35.05,3500.0,500.0,0.2,4.5,0.45,7.63,69.75,High,1
ENV_SAMP_0877,-7.43303,73.71172,33.4,7.63,18.73,6.74,33.78,1497.9,191.7,3.35,2.38,1.98,1.47,30.97,Medium,3
ENV_SAMP_1301,35.56201,102.58149,22.56,7.4,31.71,9.89,32.04,2088.95,256.86,2.02,1.24,0.84,0.31,37.33,Medium,3
ENV_SAMP_0758,17.96496,140.65276,20.2,8.07,5.56,4.34,32.64,346.49,42.23,25.8,3.3,0.61,0.63,19.65,Low,2
ENV_SAMP_0288,33.69985,107.59936,30.27,7.5,8.25,6.32,34.92,1378.67,178.7,11.91,1.11,0.8,6.79,37.02,Medium,3
ENV_SAMP_1961,11.70822,107.34991,28.98,8.15,6.8,6.76,29.61,506.25,77.65,25.16,0.44,0.32,2.46,17.93,Low,2
ENV_SAMP_2275,34.78439,105.08884,28.24,8.12,7.67,7.63,36.51,530.92,72.53,28.39,1.08,0.91,2.65,16.78,Low,2
ENV_SAMP_0296,33.42449,72.94634,24.77,7.44,6.16,5.53,32.63,879.09,118.98,4.93,0.67,1.41,0.04,24.21,Low,2
ENV_SAMP_2106,-0.0268,104.81072,25.38,8.04,2.37,6.65,34.81,3500.0,500.0,0.55,1.5,0.86,9.12,61.45,High,1
ENV_SAMP_0649,19.41894,-117.03043,19.95,7.96,4.13,6.78,36.74,897.01,159.9,19.57,3.05,1.15,6.85,35.65,Medium,3
ENV_SAMP_0162,-5.14796,-116.95105,23.46,7.93,2.43,8.6,35.22,810.28,141.32,9.64,1.57,0.06,3.74,23.1,Low,2
ENV_SAMP_0014,-5.44468,71.53712,25.92,7.36,9.27,4.28,31.86,3500.0,500.0,0.2,3.86,1.44,3.64,65.53,High,1
ENV_SAMP_0500,26.5348,105.4264,25.54,8.29,10.08,8.38,32.17,545.02,67.78,35.72,2.21,0.58,2.18,18.19,Low,2
ENV_SAMP_2230,12.55383,-117.61984,22.62,8.33,4.47,6.72,40.66,203.98,31.05,44.13,3.61,0.98,0.04,10.27,Low,2
ENV_SAMP_2159,34.21649,141.10455,18.95,7.72,8.3,4.89,34.21,974.58,182.77,52.08,1.99,1.6,9.01,33.79,Medium,3
ENV_SAMP_1509,11.6237,79.9283,24.87,7.99,0.59,5.63,35.54,366.63,60.8,37.63,1.45,0.29,2.17,16.34,Low,2
ENV_SAMP_1324,12.7497,-116.94208,26.59,7.82,7.3,6.99,37.47,617.2,101.74,30.73,3.16,1.72,3.53,18.39,Low,2
ENV_SAMP_0137,36.70983,79.18116,28.44,7.8,12.46,4.72,39.32,729.74,111.64,39.63,3.85,1.73,4.82,27.21,Medium,3
ENV_SAMP_0228,34.56617,105.40494,27.89,7.9,5.27,5.57,30.96,1561.5,271.92,5.32,2.46,0.28,9.2,45.47,Medium,3
ENV_SAMP_0226,-6.00902,79.99369,22.39,8.14,3.28,6.81,33.36,647.28,111.81,13.95,1.04,1.49,3.35,24.31,Low,2
ENV_SAMP_0318,19.36654,79.7999,21.07,8.55,2.72,9.02,36.59,1098.05,209.91,15.7,4.96,1.69,9.53,35.28,Medium,3
ENV_SAMP_1026,12.4143,71.55033,31.42,7.82,43.94,5.42,40.05,1907.81,245.01,10.81,0.15,1.9,9.84,53.07,High,1
ENV_SAMP_0094,19.12279,103.49625,26.59,7.3,10.47,7.02,34.08,1113.94,165.32,5.07,1.13,1.77,2.31,29.39,Medium,3
ENV_SAMP_1621,34.44841,73.98201,26.73,8.39,4.03,6.67,37.02,1633.86,264.13,3.09,0.4,0.35,5.1,36.03,Medium,3
ENV_SAMP_1503,13.09064,140.70235,24.13,7.34,7.14,4.36,31.72,1147.11,193.77,13.64,2.83,1.95,8.21,39.38,Medium,3
ENV_SAMP_2040,18.98755,140.71402,27.13,8.0,0.5,8.88,31.19,2464.91,453.04,1.65,1.18,1.3,8.42,49.06,Medium,3
ENV_SAMP_0292,1.04234,72.57344,21.69,8.59,10.15,5.64,36.73,3500.0,500.0,0.22,1.59,0.36,9.24,72.03,High,1
ENV_SAMP_1698,34.86801,-117.96755,25.68,7.8,15.13,5.62,32.36,1459.31,231.49,7.47,1.2,0.76,8.53,40.5,Medium,3
ENV_SAMP_1275,24.71206,-80.42189,25.6,7.49,30.3,5.67,38.08,1159.54,125.9,12.3,1.62,0.36,3.85,41.46,Medium,3
ENV_SAMP_0307,35.41402,-79.54314,32.51,7.66,5.87,6.18,36.48,324.36,33.19,25.47,2.07,1.67,0.1,11.84,Low,2
ENV_SAMP_2072,18.47439,140.25373,29.17,7.83,11.03,5.24,35.76,1665.81,286.07,5.57,1.12,0.99,9.59,46.25,Medium,3
ENV_SAMP_0654,20.49856,104.60663,26.7,7.44,13.3,6.76,34.94,1291.77,220.47,12.24,3.52,2.18,9.15,35.33,Medium,3
ENV_SAMP_1146,34.42937,102.80103,24.21,7.7,9.11,5.55,33.91,487.28,65.92,24.8,0.67,1.54,1.95,24.59,Low,2
ENV_SAMP_1757,13.15022,74.27322,34.38,8.07,20.57,8.15,33.54,2794.82,439.3,1.65,3.01,0.43,8.65,61.16,High,1
ENV_SAMP_0116,-7.60743,140.80476,27.72,8.01,8.14,7.15,40.72,826.98,120.96,9.82,1.92,2.1,2.92,24.31,Low,2
ENV_SAMP_1418,25.61626,-117.94544,35.11,7.43,2.7,5.98,32.09,2613.24,476.57,1.45,2.18,1.13,8.4,59.1,High,1
ENV_SAMP_1386,2.8397,81.34329,25.65,7.57,3.81,6.6,35.28,1616.69,274.89,3.26,2.95,0.82,5.75,42.45,Medium,3
ENV_SAMP_0676,35.42865,140.63505,22.4,7.96,5.28,6.01,29.43,2148.02,382.39,2.32,2.21,1.32,8.29,54.78,High,1
ENV_SAMP_0138,17.86254,-117.15337,20.47,7.58,4.34,5.66,36.34,1475.84,252.97,6.34,0.98,0.95,9.43,40.43,Medium,3
ENV_SAMP_0210,26.1521,73.83343,30.25,7.94,9.42,6.88,34.72,339.36,21.74,30.39,0.3,0.63,0.08,12.01,Low,2
ENV_SAMP_1767,34.25671,107.51197,18.75,7.7,3.41,6.92,36.91,592.6,82.38,9.34,0.69,0.14,0.65,20.5,Low,2
ENV_SAMP_2114,36.03761,-78.7388,30.76,8.14,17.3,7.8,28.69,734.18,81.23,18.77,2.74,1.07,2.24,19.46,Low,2
ENV_SAMP_2457,0.72077,72.17808,20.62,8.53,22.44,9.49,30.67,2250.88,322.29,1.81,0.3,0.59,3.1,44.51,Medium,3
ENV_SAMP_0261,20.15396,-119.43241,30.94,7.89,7.6,8.43,30.84,1197.46,221.27,16.28,1.91,1.97,9.59,39.53,Medium,3
ENV_SAMP_0279,35.2835,140.08315,27.18,7.97,3.91,10.66,35.43,908.03,168.1,31.28,0.75,2.03,7.78,24.89,Low,2
ENV_SAMP_2456,-6.32882,105.89974,26.41,7.39,14.13,6.26,33.67,1474.47,222.62,5.75,3.87,1.33,6.71,42.77,Medium,3
ENV_SAMP_1825,1.25637,140.4587,19.56,8.25,14.83,9.43,34.42,773.83,113.7,26.39,0.78,0.17,4.24,21.73,Low,2
ENV_SAMP_2349,-5.8176,138.61456,24.25,7.09,6.41,7.19,33.2,1014.48,168.19,7.41,2.89,0.92,4.34,32.64,Medium,3
ENV_SAMP_1218,19.52628,-79.90905,27.24,7.66,1.12,5.43,36.05,1088.34,186.95,7.93,3.7,1.03,6.33,29.68,Medium,3
ENV_SAMP_0263,25.79818,71.78908,21.87,8.12,8.68,3.12,35.56,743.65,100.61,13.78,1.5,0.22,3.37,29.83,Medium,3
ENV_SAMP_1514,17.61299,-117.53356,24.06,8.68,3.18,6.85,30.61,1109.14,206.74,19.65,0.17,0.3,9.83,36.73,Medium,3
ENV_SAMP_0047,34.32292,140.15304,23.86,6.56,13.62,10.43,36.35,593.42,70.62,18.12,1.53,0.5,0.89,22.34,Low,2
ENV_SAMP_0195,32.58444,72.94259,22.71,7.11,12.09,7.15,36.71,366.86,29.72,38.26,1.86,0.68,0.02,18.48,Low,2
ENV_SAMP_1095,17.9615,74.23327,16.61,7.15,11.78,4.88,36.05,484.8,49.32,22.83,0.4,1.18,0.9,20.04,Low,2
ENV_SAMP_1979,36.81525,-79.86691,23.95,8.49,0.74,5.96,34.4,887.56,166.28,13.12,0.43,2.11,6.26,31.29,Medium,3
ENV_SAMP_0945,25.34462,139.79639,28.8,7.84,2.35,7.46,32.51,739.13,122.92,12.06,2.78,1.67,3.57,22.59,Low,2
ENV_SAMP_1896,2.08209,-117.47896,26.35,7.71,18.06,3.9,35.45,569.75,57.52,31.01,2.47,0.41,1.16,23.02,Low,2
ENV_SAMP_1242,34.93324,106.65294,17.3,7.35,5.44,5.19,36.43,1410.92,250.82,7.73,3.76,0.31,9.52,48.47,Medium,3
ENV_SAMP_0973,36.24629,105.92339,15.95,8.61,39.16,5.13,29.97,1243.47,130.7,21.43,1.86,2.14,5.26,42.03,Medium,3
ENV_SAMP_0770,34.9384,-81.58605,24.45,7.49,15.61,4.41,30.31,692.14,95.14,48.08,3.28,0.7,3.9,28.62,Medium,3
ENV_SAMP_2142,34.7645,79.51887,22.24,7.37,24.31,6.12,35.03,3500.0,500.0,0.52,0.9,2.09,2.45,71.21,High,1
ENV_SAMP_2272,36.72454,102.42724,21.92,8.31,10.35,6.34,37.4,1133.38,217.75,21.21,0.6,0.7,9.26,38.27,Medium,3
ENV_SAMP_2177,27.04579,-80.71617,26.29,7.62,4.46,8.24,36.29,3500.0,500.0,0.34,1.55,1.73,2.5,62.0,High,1
ENV_SAMP_0753,18.77833,107.09028,21.72,8.46,14.88,7.02,36.31,1268.23,198.33,12.09,0.7,1.39,8.24,32.98,Medium,3
ENV_SAMP_1224,35.04349,138.54007,24.88,7.89,4.81,6.2,32.56,2047.9,357.13,2.88,1.34,0.87,9.64,50.32,High,1
ENV_SAMP_2278,32.83692,104.33917,20.6,7.11,6.62,4.53,34.49,1429.31,228.43,4.23,1.13,0.81,5.1,37.56,Medium,3
ENV_SAMP_1436,-7.21239,-79.92557,24.82,7.97,0.5,7.9,30.69,562.81,121.52,42.35,0.22,1.39,5.33,23.75,Low,2
ENV_SAMP_0701,11.80944,71.72095,22.17,7.7,11.22,5.34,35.31,1532.54,228.97,3.28,0.51,1.93,3.25,37.73,Medium,3
ENV_SAMP_0957,34.79448,78.82314,28.13,7.7,21.61,6.67,34.6,3500.0,500.0,0.2,0.74,0.91,2.87,65.44,High,1
ENV_SAMP_1747,1.13455,108.32378,34.35,8.67,23.34,4.67,34.48,1021.61,130.16,16.65,1.92,0.5,4.63,34.13,Medium,3
ENV_SAMP_2244,25.39398,-81.02375,26.18,7.63,31.0,8.74,39.02,1078.7,128.93,27.12,1.66,0.7,5.15,30.87,Medium,3
ENV_SAMP_2336,18.77909,138.9907,25.48,6.92,4.13,6.17,33.47,1247.6,232.0,11.12,1.58,1.54,9.5,39.63,Medium,3
ENV_SAMP_0677,24.76435,-80.90797,20.53,7.37,3.31,7.36,32.22,911.47,162.92,18.65,1.24,0.77,7.28,32.57,Medium,3
ENV_SAMP_0253,33.194,73.35543,29.11,7.53,2.99,5.78,31.81,1307.71,222.39,3.8,1.29,1.5,3.73,34.61,Medium,3
ENV_SAMP_2103,1.65415,-117.21289,19.99,8.32,5.69,4.41,33.7,803.92,138.03,16.44,0.43,0.08,5.21,34.54,Medium,3
ENV_SAMP_1960,13.86266,79.89062,21.65,7.48,2.37,9.82,32.5,1520.27,252.74,2.73,0.72,0.43,2.95,32.86,Medium,3
ENV_SAMP_1469,13.61547,-81.52646,22.77,8.29,5.34,5.22,33.83,908.18,163.44,15.12,3.01,1.41,6.23,31.3,Medium,3
ENV_SAMP_0894,36.8943,139.25246,30.11,8.03,6.27,4.83,35.27,2850.22,500.0,0.82,1.01,0.33,3.24,64.79,High,1
ENV_SAMP_2467,-5.34443,103.02767,26.14,8.19,5.68,6.23,32.92,1278.84,229.19,8.13,1.23,0.21,7.99,37.37,Medium,3
ENV_SAMP_1022,33.88235,-118.96926,22.97,8.72,1.1,6.4,33.1,767.67,154.31,24.3,2.31,1.4,6.54,30.71,Medium,3
ENV_SAMP_2293,26.842,-116.97385,23.62,7.82,0.93,7.96,33.03,325.38,65.94,29.15,1.29,0.43,1.66,19.75,Low,2
ENV_SAMP_2416,26.44063,-118.06157,27.35,7.68,2.25,7.9,35.64,240.37,33.18,32.19,3.63,1.88,0.21,12.9,Low,2
ENV_SAMP_2430,13.72614,72.26564,21.13,7.64,3.21,9.52,33.05,924.96,175.65,12.16,0.73,0.17,6.19,27.59,Medium,3
ENV_SAMP_1088,24.85429,140.39429,26.07,8.32,0.98,7.03,32.04,1426.41,254.86,4.48,1.29,0.95,6.75,39.22,Medium,3
ENV_SAMP_0082,18.58089,106.90749,21.1,7.49,13.57,8.87,34.58,778.99,88.0,9.51,2.52,1.2,0.86,16.09,Low,2
ENV_SAMP_0824,-4.71081,71.98416,20.6,7.5,1.61,8.13,35.56,2816.72,500.0,1.07,0.67,1.35,7.31,61.42,High,1
ENV_SAMP_1889,26.88858,140.48393,27.54,8.47,2.47,6.19,29.79,945.58,176.68,24.93,3.45,0.43,8.48,32.46,Medium,3
ENV_SAMP_1816,1.05538,139.05316,25.56,8.13,28.04,5.92,31.15,1045.59,118.43,10.51,0.42,1.66,3.1,28.12,Medium,3
ENV_SAMP_2112,13.33026,-119.45803,24.52,6.99,5.78,7.17,37.9,573.18,97.79,33.34,2.86,1.33,3.78,25.49,Medium,3
ENV_SAMP_2441,35.53071,103.17045,25.6,6.37,2.8,5.19,35.85,814.82,147.36,15.44,5.47,1.25,5.38,29.81,Medium,3
ENV_SAMP_0133,13.92651,-81.01248,14.13,7.79,1.49,6.53,37.66,593.56,123.76,43.36,0.34,0.93,5.4,20.53,Low,2
ENV_SAMP_1643,26.7425,107.97222,22.18,7.96,0.69,6.95,34.37,1170.22,235.84,12.22,0.66,1.81,9.7,38.95,Medium,3
ENV_SAMP_2301,2.25611,138.82868,19.1,8.19,7.2,4.43,32.26,3500.0,500.0,0.46,1.35,2.09,7.27,71.49,High,1
ENV_SAMP_0734,-6.13172,74.00193,21.5,8.07,0.55,5.43,37.27,698.88,144.21,36.85,1.64,1.55,6.76,27.45,Medium,3
ENV_SAMP_2445,19.13465,-118.23911,19.69,8.36,10.57,4.74,36.11,987.0,132.51,6.84,2.0,1.54,2.5,35.08,Medium,3
ENV_SAMP_0169,12.75205,139.55523,19.87,8.05,7.29,5.21,33.89,1463.97,230.59,3.97,0.62,1.07,5.01,40.63,Medium,3
ENV_SAMP_0984,25.335,106.28625,25.2,7.07,19.91,6.02,34.15,1180.11,170.69,13.3,1.08,0.2,6.41,39.02,Medium,3
ENV_SAMP_0424,35.40436,103.73223,25.24,7.8,0.6,9.34,37.51,971.46,183.78,9.21,1.98,1.01,6.03,25.22,Medium,3
ENV_SAMP_0651,13.65204,81.22444,24.92,7.79,4.73,9.85,38.1,1681.33,256.41,2.53,0.84,0.49,3.09,35.41,Medium,3
ENV_SAMP_0872,-5.31656,-81.37549,30.3,8.36,12.63,3.99,36.95,884.28,142.08,40.05,3.54,2.05,6.43,37.73,Medium,3
ENV_SAMP_1014,-7.00556,108.20507,25.08,7.6,2.01,7.94,35.37,754.18,156.68,29.28,1.37,0.45,6.99,28.23,Medium,3
ENV_SAMP_0207,1.66645,140.88824,27.61,7.92,17.47,5.96,34.81,1427.11,195.19,5.29,1.26,0.37,4.57,35.74,Medium,3
ENV_SAMP_0304,36.75947,-118.41778,23.58,8.46,13.67,5.46,33.95,573.29,59.42,24.81,1.37,0.69,1.95,19.11,Low,2
ENV_SAMP_0415,24.60286,79.42325,23.4,7.24,18.15,7.17,30.29,1210.46,187.66,22.3,1.17,0.5,8.71,35.63,Medium,3
ENV_SAMP_1248,37.17073,102.84165,22.06,7.91,1.33,5.49,32.91,852.53,178.35,42.41,1.92,2.18,8.36,30.75,Medium,3
ENV_SAMP_1085,35.55895,140.54322,23.06,8.08,43.88,6.77,32.0,1512.74,144.66,5.43,0.82,1.91,1.96,38.82,Medium,3
ENV_SAMP_1296,-5.18821,79.99123,17.43,8.56,19.21,5.29,33.91,886.3,112.18,13.56,1.7,0.64,2.91,29.43,Medium,3
ENV_SAMP_1536,35.6033,-117.62747,29.23,7.48,3.37,3.21,34.42,574.32,100.73,43.59,1.16,1.59,4.38,27.12,Medium,3
ENV_SAMP_2074,0.45379,79.66659,16.58,8.28,26.41,6.81,32.74,1136.99,142.93,15.54,1.57,0.87,5.2,36.24,Medium,3
ENV_SAMP_2403,35.78847,80.10427,21.93,7.5,11.56,6.98,32.26,595.76,77.75,29.27,0.78,0.14,2.49,24.14,Low,2
ENV_SAMP_1689,2.22207,-118.9618,25.08,7.23,8.25,7.34,33.22,900.47,175.9,27.52,1.54,1.51,8.37,33.48,Medium,3
ENV_SAMP_0320,35.9507,-117.93323,18.3,8.43,12.27,6.11,32.19,1468.65,241.97,7.59,1.11,0.89,8.78,38.21,Medium,3
ENV_SAMP_1992,25.46449,108.31831,29.03,7.91,14.17,7.99,34.54,886.79,126.83,41.52,1.86,1.81,5.87,27.39,Medium,3
ENV_SAMP_1145,0.00168,-79.17981,21.18,7.98,2.35,4.48,35.64,1043.08,215.35,27.14,1.39,0.86,10.0,33.43,Medium,3
ENV_SAMP_0970,37.1483,-79.50473,27.51,7.79,5.91,5.95,30.49,716.77,117.83,20.42,0.5,0.29,4.92,29.72,Medium,3
ENV_SAMP_1770,25.06225,104.3752,20.51,8.2,6.72,5.03,33.94,2256.85,377.85,1.39,0.25,1.25,2.74,46.15,Medium,3
ENV_SAMP_0072,36.37517,-79.22474,19.74,7.47,19.9,7.21,37.06,976.55,111.56,6.4,0.32,0.87,0.53,27.05,Medium,3
ENV_SAMP_2370,0.67197,106.17841,28.19,7.91,0.5,8.01,30.98,1321.49,243.15,6.28,0.83,0.31,8.18,34.67,Medium,3
ENV_SAMP_0857,19.36188,140.02278,32.57,7.7,2.33,6.68,32.25,1281.26,229.12,6.65,2.48,1.86,7.73,39.08,Medium,3
ENV_SAMP_0348,33.19818,140.87523,27.28,7.79,0.5,4.34,31.47,446.53,69.27,10.77,0.33,0.2,0.37,17.34,Low,2
ENV_SAMP_1801,20.52969,-119.60079,28.9,8.68,6.86,9.1,35.18,926.1,151.59,9.29,0.75,2.15,4.15,24.57,Low,2
ENV_SAMP_0725,37.15532,107.01232,19.34,8.16,26.34,7.25,36.62,1182.22,132.01,5.89,2.5,1.16,1.27,26.92,Medium,3
ENV_SAMP_2484,25.60266,138.74266,22.23,7.7,0.5,7.13,33.14,780.6,164.88,38.02,4.42,1.45,7.44,27.21,Medium,3
ENV_SAMP_1487,24.94007,139.05977,25.32,7.82,1.08,5.7,33.06,600.56,137.75,67.04,0.99,0.61,6.33,26.33,Medium,3
ENV_SAMP_1543,12.35431,108.14998,26.25,7.78,14.3,7.08,36.56,3124.8,500.0,1.02,0.25,0.59,7.45,66.93,High,1
ENV_SAMP_2115,35.62088,105.19214,17.86,7.42,29.6,3.83,34.68,932.32,92.4,15.81,0.64,0.67,2.2,31.75,Medium,3
ENV_SAMP_1653,11.97151,103.52347,25.39,8.81,0.5,2.96,31.23,415.28,54.36,11.4,0.49,2.16,0.06,20.38,Low,2
ENV_SAMP_2081,0.01354,71.81545,23.81,7.66,4.54,6.21,30.73,1283.97,232.55,10.14,0.65,1.16,9.28,34.57,Medium,3
ENV_SAMP_1800,-5.29027,139.90488,31.58,8.01,40.38,6.11,35.79,1198.01,84.55,8.83,0.49,1.29,1.04,34.06,Medium,3
ENV_SAMP_1716,32.60684,106.55193,22.23,8.28,11.46,4.97,34.83,438.2,34.55,22.83,0.59,2.15,0.33,18.43,Low,2
ENV_SAMP_1237,18.9622,72.87913,29.79,7.04,26.42,5.11,36.72,1480.81,187.2,7.14,0.54,0.11,6.19,46.55,Medium,3
ENV_SAMP_1526,34.60888,105.79687,24.69,7.48,3.55,6.63,33.02,1017.16,195.97,21.94,1.38,1.44,8.83,35.33,Medium,3
ENV_SAMP_0466,-6.57656,72.91369,29.18,8.66,9.19,6.02,35.19,569.3,71.15,14.61,1.84,2.07,1.1,22.79,Low,2
ENV_SAMP_0681,34.40446,140.94263,27.71,8.2,15.48,5.11,31.15,1123.49,142.64,4.68,0.81,1.46,0.77,32.09,Medium,3
ENV_SAMP_1072,25.23304,79.70302,20.12,7.96,4.73,6.44,34.38,624.66,111.33,36.65,2.17,1.09,4.71,19.25,Low,2
ENV_SAMP_0234,-7.3488,-80.92472,18.04,8.05,35.45,9.24,34.67,1263.08,125.1,9.94,1.09,2.04,3.26,26.7,Medium,3
ENV_SAMP_0972,34.59366,-118.71344,22.65,8.13,45.01,5.05,31.27,2842.38,396.82,1.9,6.0,0.98,7.26,72.31,High,1
ENV_SAMP_2354,12.51092,81.30438,22.92,8.25,10.18,10.89,32.02,3500.0,500.0,0.69,0.77,1.41,9.47,65.02,High,1
ENV_SAMP_1552,35.94764,106.79021,25.34,8.1,15.56,4.92,35.86,796.58,88.95,7.24,1.7,1.06,0.23,27.98,Medium,3
ENV_SAMP_1762,25.23119,106.27822,27.9,7.76,12.7,5.19,33.5,1274.55,162.42,3.79,0.64,0.05,0.8,28.81,Medium,3
ENV_SAMP_2194,35.24507,-81.10276,23.18,7.91,12.38,4.56,35.6,900.36,139.33,20.91,0.78,1.73,5.89,30.63,Medium,3
ENV_SAMP_1913,36.19476,106.10209,27.84,7.75,14.82,5.58,36.29,1250.19,208.5,29.58,0.29,1.25,9.98,42.54,Medium,3
ENV_SAMP_1396,0.75905,139.51572,25.45,7.49,5.37,4.83,36.47,1277.18,223.83,6.42,2.0,2.05,7.01,37.34,Medium,3
ENV_SAMP_1771,14.01717,105.81536,24.34,8.66,24.6,7.09,37.59,2432.11,371.8,2.34,1.15,1.46,8.22,57.31,High,1
ENV_SAMP_1254,13.4482,-119.65263,28.56,7.82,8.25,6.18,34.23,3500.0,500.0,0.2,1.11,1.93,2.74,61.57,High,1
ENV_SAMP_1733,34.59144,102.48483,29.97,6.9,11.97,6.97,35.34,1156.5,159.04,5.52,1.34,1.19,2.85,31.22,Medium,3
ENV_SAMP_0115,0.88381,73.96868,25.35,7.27,7.27,8.39,34.69,2697.0,486.2,1.04,0.49,0.64,4.39,56.09,High,1
ENV_SAMP_2107,-5.46552,102.89533,30.68,7.88,0.5,7.02,36.84,455.96,79.65,13.77,2.07,0.7,1.57,17.79,Low,2
ENV_SAMP_2088,1.92425,138.83838,28.97,8.26,13.15,7.48,32.29,1405.13,234.53,7.57,1.07,1.27,8.16,38.01,Medium,3
ENV_SAMP_1665,25.21607,138.49383,24.41,7.86,0.51,8.18,37.77,920.46,189.24,40.68,1.95,1.81,9.13,27.11,Medium,3
ENV_SAMP_2189,-6.25318,140.69781,25.94,7.65,11.3,3.99,32.9,1597.75,267.43,5.24,1.46,0.73,8.38,42.94,Medium,3
ENV_SAMP_2259,12.61859,140.54958,22.73,7.62,4.64,3.44,35.68,2231.81,371.61,1.46,1.07,1.39,3.84,56.18,High,1
ENV_SAMP_0337,33.8886,-81.03681,26.76,7.29,1.3,7.36,32.43,546.7,112.56,28.26,1.73,1.32,3.94,21.33,Low,2
ENV_SAMP_0915,35.99139,-79.67067,32.0,8.1,17.52,6.69,34.83,3500.0,500.0,0.68,5.56,2.06,9.24,71.62,High,1
ENV_SAMP_1935,-4.84581,-117.44919,21.49,7.34,1.93,9.06,30.1,875.69,180.54,27.48,0.1,1.02,7.92,29.55,Medium,3
ENV_SAMP_1994,0.51153,-116.97404,21.92,7.71,4.71,9.55,34.53,794.66,150.9,23.38,0.78,1.41,6.39,28.37,Medium,3
ENV_SAMP_0781,25.82586,107.85149,22.63,7.93,2.51,4.56,33.82,1047.73,179.04,7.25,0.97,2.04,5.16,30.64,Medium,3
ENV_SAMP_0022,25.94997,138.46168,19.11,7.68,16.07,6.78,32.24,1143.25,187.63,26.02,1.83,0.76,8.75,35.5,Medium,3
ENV_SAMP_1295,35.25812,-118.97238,24.23,7.73,16.13,7.63,35.41,1081.83,157.7,12.67,1.36,0.27,5.88,28.19,Medium,3
ENV_SAMP_1818,18.49362,-119.5297,27.61,8.4,1.6,10.4,29.27,826.87,151.49,15.76,1.49,0.44,6.05,21.47,Low,2
ENV_SAMP_0699,2.54471,79.63741,25.63,8.08,6.17,5.48,33.84,1820.66,289.48,1.85,3.11,1.33,1.17,43.72,Medium,3
ENV_SAMP_0451,19.79924,138.44189,24.76,8.05,11.76,6.82,38.51,1292.93,218.75,10.82,0.94,1.84,8.83,40.45,Medium,3
ENV_SAMP_1261,-6.2222,72.9304,19.56,7.77,28.16,3.62,34.93,758.76,59.84,21.57,0.35,0.08,1.39,27.98,Medium,3
ENV_SAMP_1194,24.76719,103.80905,25.35,7.63,2.52,6.2,34.09,1814.01,329.99,3.28,2.69,0.48,8.62,46.91,Medium,3
ENV_SAMP_0011,37.10312,-80.97985,16.46,7.67,14.4,7.35,35.6,920.43,102.31,6.33,1.13,0.88,0.44,17.78,Low,2
ENV_SAMP_0201,25.92649,107.5669,22.82,7.44,59.57,3.35,30.88,1561.27,103.26,8.69,3.93,0.33,1.81,48.22,Medium,3
ENV_SAMP_1140,35.13266,103.52744,26.48,8.21,18.98,7.32,33.67,2190.52,314.05,1.43,1.13,1.03,0.34,43.44,Medium,3
ENV_SAMP_2405,1.18069,-119.6988,27.36,7.95,18.84,7.41,33.02,3500.0,500.0,0.4,0.42,1.91,5.58,60.79,High,1
ENV_SAMP_2442,34.94425,139.0709,22.48,7.66,11.26,4.14,36.09,961.49,146.09,12.49,2.15,0.75,4.84,32.87,Medium,3
ENV_SAMP_0128,33.9975,-81.14141,21.82,8.18,19.85,7.6,37.24,1191.84,147.9,5.86,2.25,0.36,2.46,29.1,Medium,3
ENV_SAMP_1349,25.53781,72.61578,21.69,8.09,12.86,7.7,32.83,478.31,47.52,26.46,1.37,1.08,0.94,13.93,Low,2
ENV_SAMP_0244,13.46246,72.76087,21.63,8.07,38.27,7.85,30.08,1308.05,131.01,13.83,1.97,1.03,4.5,37.41,Medium,3
ENV_SAMP_0513,1.604,102.3673,24.37,7.11,21.26,7.59,32.45,1603.56,211.99,3.25,1.12,0.95,2.53,34.66,Medium,3
ENV_SAMP_0105,24.77627,-118.97805,23.11,7.11,17.91,8.16,33.42,1058.6,154.83,15.88,2.4,2.08,5.84,32.92,Medium,3
ENV_SAMP_0029,26.79755,102.39683,24.33,7.33,3.23,4.74,34.07,793.35,153.32,24.07,4.32,0.07,6.47,32.08,Medium,3
ENV_SAMP_0107,-6.35356,-81.4213,23.76,7.9,36.19,8.5,34.81,1463.88,189.68,39.63,1.79,1.63,9.47,44.43,Medium,3
ENV_SAMP_1380,27.1911,-117.5028,26.32,8.44,2.75,8.02,33.41,1757.27,294.94,2.19,0.6,1.44,3.18,34.53,Medium,3
ENV_SAMP_1760,36.65563,108.32849,27.41,7.99,10.16,7.88,29.59,390.99,28.54,25.84,2.02,1.96,0.22,11.41,Low,2
ENV_SAMP_1646,17.69995,-80.58304,16.59,8.64,3.35,7.11,30.25,1698.76,282.7,2.1,0.97,0.95,1.97,33.2,Medium,3
ENV_SAMP_1263,13.99658,-118.96482,23.64,8.02,3.12,6.19,35.56,980.84,157.55,7.91,1.31,0.7,4.73,27.69,Medium,3
ENV_SAMP_1068,35.85822,-119.11517,23.05,7.63,12.22,1.52,34.76,1087.79,147.97,7.13,1.14,1.7,3.65,39.22,Medium,3
ENV_SAMP_2331,34.20633,-116.78102,26.68,8.45,8.86,7.39,35.58,750.74,109.01,21.27,0.9,2.15,4.04,23.68,Low,2
ENV_SAMP_0306,2.21212,104.8252,28.15,7.54,6.68,6.7,33.5,2320.37,406.89,1.57,1.38,2.02,5.44,52.6,High,1
ENV_SAMP_1328,35.03917,140.1291,23.52,8.02,0.81,8.04,33.52,1678.6,294.57,3.73,3.56,0.2,8.2,39.72,Medium,3
ENV_SAMP_1179,36.80535,72.7851,32.04,8.09,10.42,7.54,36.2,878.14,156.49,47.79,2.32,1.98,7.28,25.34,Medium,3
ENV_SAMP_0585,35.42445,105.35461,25.48,7.24,2.91,3.38,32.26,3500.0,500.0,0.52,1.0,0.23,5.62,72.7,High,1
ENV_SAMP_0793,0.56125,-117.82495,15.76,7.38,0.5,8.73,34.07,886.44,173.46,21.92,1.2,1.84,7.5,30.52,Medium,3
ENV_SAMP_2469,-4.86389,140.03527,25.51,8.54,27.71,7.36,35.73,2477.26,357.33,1.96,3.27,1.07,5.98,54.42,High,1
ENV_SAMP_0152,26.89802,138.97213,28.19,8.25,0.72,7.27,34.79,638.96,115.32,18.58,0.82,2.06,4.2,22.29,Low,2
ENV_SAMP_1059,19.87438,73.75886,26.75,8.32,5.54,6.04,34.7,2221.93,376.29,1.85,2.21,1.07,6.41,54.02,High,1
ENV_SAMP_2491,-6.28332,139.77468,21.3,8.33,8.06,7.67,33.59,1219.62,207.93,9.97,3.07,1.61,7.99,39.46,Medium,3
ENV_SAMP_0960,1.12064,73.26356,30.2,7.92,42.7,8.46,33.48,1109.78,81.77,14.11,4.82,0.23,1.63,31.53,Medium,3
ENV_SAMP_0044,25.64001,73.90439,25.64,7.61,19.62,7.72,33.99,1452.53,215.51,6.55,2.01,2.05,6.42,38.73,Medium,3
ENV_SAMP_1547,35.01702,-117.76193,29.6,8.39,10.49,5.2,31.53,604.5,85.49,23.57,0.37,1.07,2.75,26.79,Medium,3
ENV_SAMP_2447,27.14424,79.9459,29.35,7.91,2.61,7.41,33.13,910.97,171.67,16.86,3.33,2.2,7.13,28.78,Medium,3
ENV_SAMP_1636,18.61956,79.16741,20.56,7.35,5.76,5.49,39.19,1208.54,209.75,7.33,0.81,1.74,6.79,38.25,Medium,3
ENV_SAMP_0771,14.39668,138.57167,24.03,7.45,13.78,8.28,32.6,723.14,94.5,22.02,2.42,0.41,3.08,19.52,Low,2
ENV_SAMP_2408,18.99639,72.70734,24.74,7.95,11.66,7.01,36.23,1010.25,180.26,28.87,1.41,1.72,7.97,38.88,Medium,3
ENV_SAMP_0762,25.7323,138.99258,20.35,7.34,9.4,7.34,35.26,701.76,105.7,19.85,1.98,1.31,3.38,21.68,Low,2
ENV_SAMP_2404,19.72209,102.4493,28.33,7.59,6.02,6.05,32.64,831.55,143.76,20.54,0.78,0.94,5.92,29.56,Medium,3
ENV_SAMP_2067,33.88131,138.45856,27.69,8.42,0.5,6.3,36.39,488.73,98.24,38.27,1.02,0.18,4.22,16.15,Low,2
ENV_SAMP_0861,1.70885,72.15801,21.38,7.48,5.24,8.05,37.18,828.43,127.5,7.05,1.34,2.08,1.95,19.68,Low,2
ENV_SAMP_1213,1.4208,106.19564,25.57,7.67,25.67,5.83,33.96,1316.62,172.85,11.89,2.24,0.41,6.53,40.5,Medium,3
ENV_SAMP_1163,-6.66032,72.2303,28.46,7.52,2.15,4.57,34.61,600.32,102.89,29.41,2.89,0.47,4.34,23.3,Low,2
ENV_SAMP_0059,13.17607,-117.94121,26.94,8.26,38.22,6.03,30.29,1569.93,155.95,3.7,3.48,2.1,0.17,38.01,Medium,3
ENV_SAMP_0109,34.72059,139.00343,28.36,7.91,0.5,7.15,35.96,1246.41,213.63,4.46,0.38,1.27,4.72,27.7,Medium,3
ENV_SAMP_0949,2.53709,141.0833,31.46,7.26,4.14,8.32,32.35,2602.49,463.66,1.01,4.43,1.69,3.32,48.45,Medium,3
ENV_SAMP_1915,1.4549,81.71906,20.98,6.7,51.99,4.03,32.28,1525.37,151.19,23.99,0.76,0.81,6.01,50.06,High,1
ENV_SAMP_1804,1.79051,74.0436,24.37,7.85,32.77,5.35,33.43,1223.45,145.13,25.8,1.03,0.61,6.36,39.02,Medium,3
ENV_SAMP_2483,18.7468,-78.90125,25.65,7.64,6.91,5.31,35.38,2788.45,497.19,0.81,1.47,1.73,2.17,60.09,High,1
ENV_SAMP_0197,2.78131,-80.88857,21.77,7.6,95.0,4.49,35.94,2578.71,184.04,3.12,1.43,1.23,0.47,59.59,High,1
ENV_SAMP_1850,18.08479,-117.46735,28.43,7.45,12.79,6.17,36.63,767.79,113.81,16.38,0.64,1.9,3.4,25.0,Low,2
ENV_SAMP_0388,24.89568,79.2648,23.24,7.44,36.12,6.81,36.64,1526.86,209.06,25.84,5.89,0.49,9.63,44.39,Medium,3
ENV_SAMP_0955,26.87933,73.47647,25.42,7.29,2.57,8.08,34.0,782.52,144.81,9.39,1.06,0.91,3.7,26.7,Medium,3
ENV_SAMP_0713,-7.69058,72.3929,17.71,7.52,12.19,4.93,33.91,1124.12,185.88,16.66,6.0,1.78,7.64,36.21,Medium,3
ENV_SAMP_1004,12.57633,-80.44761,26.78,8.46,0.92,6.33,34.74,1773.39,296.71,2.04,0.95,1.37,2.96,34.77,Medium,3
ENV_SAMP_0358,14.06661,-78.97159,24.55,8.16,10.63,7.03,29.44,2417.44,412.74,1.77,3.15,1.87,7.3,54.61,High,1
ENV_SAMP_0622,33.1625,105.58201,24.44,7.84,8.17,5.04,35.17,857.23,137.1,20.44,1.31,1.3,5.93,32.05,Medium,3
ENV_SAMP_0129,34.07002,72.06721,25.18,8.12,10.15,8.74,36.05,583.67,96.5,42.65,0.43,2.14,3.85,17.47,Low,2
ENV_SAMP_1933,32.75595,-79.71039,18.81,8.41,17.89,3.97,36.58,875.64,90.21,8.69,0.87,0.84,0.78,26.75,Medium,3
ENV_SAMP_1100,34.62122,140.16045,30.46,8.67,10.18,5.28,30.86,1220.73,200.26,9.89,0.45,0.49,7.91,36.36,Medium,3
ENV_SAMP_1937,25.87275,73.3471,30.82,7.57,10.52,5.61,31.57,1118.97,176.33,13.1,0.41,0.21,6.97,39.71,Medium,3
ENV_SAMP_2212,25.78006,72.1357,23.41,7.97,0.5,10.76,32.97,3488.65,500.0,0.6,4.92,0.4,7.86,59.93,High,1
ENV_SAMP_0919,25.71745,-118.18094,25.21,7.56,3.96,7.96,35.96,849.67,162.54,16.04,3.02,1.71,6.57,25.52,Medium,3
ENV_SAMP_1572,19.86791,79.9088,28.12,7.38,8.25,9.3,35.58,1392.04,202.21,15.82,2.89,1.38,8.53,38.68,Medium,3
ENV_SAMP_2377,-7.00884,-81.52595,15.59,8.37,15.08,3.83,31.94,1242.12,217.25,22.23,1.39,0.7,9.78,44.04,Medium,3
ENV_SAMP_0482,19.13322,-118.65758,14.16,6.75,23.19,2.89,33.78,839.82,90.0,10.14,0.85,0.2,0.62,30.68,Medium,3
ENV_SAMP_0826,2.1112,-117.79137,25.81,7.59,10.12,7.16,36.55,1961.53,318.76,3.1,4.21,0.68,8.19,49.9,Medium,3
ENV_SAMP_1250,35.96243,73.21872,16.43,7.61,12.25,9.11,36.64,419.86,55.49,24.57,0.1,1.02,0.74,8.93,Low,2
ENV_SAMP_2454,12.82323,104.87747,20.91,7.24,3.71,7.65,35.52,891.93,151.63,8.69,3.52,2.19,4.06,29.79,Medium,3
ENV_SAMP_0532,20.03494,-117.9471,23.71,7.5,9.34,8.22,35.06,1678.49,287.83,5.29,0.71,0.61,9.63,44.4,Medium,3
ENV_SAMP_1211,0.14864,103.08612,25.04,6.95,8.97,6.62,32.59,1025.51,185.26,43.31,1.98,0.86,9.25,37.34,Medium,3
ENV_SAMP_0912,18.89017,103.47589,30.45,7.11,31.3,5.14,33.24,1340.67,146.85,5.92,1.63,0.17,2.19,41.56,Medium,3
ENV_SAMP_0808,35.30742,-79.67207,22.53,8.12,8.39,8.05,31.4,1170.46,160.45,4.05,1.1,0.84,1.11,27.39,Medium,3
ENV_SAMP_1313,32.8263,103.87352,29.84,7.57,1.26,5.23,38.55,2821.75,500.0,0.7,0.1,0.7,1.23,56.45,High,1
ENV_SAMP_0112,11.94609,138.21218,19.13,8.03,4.9,3.74,33.21,652.97,118.71,41.5,1.29,0.24,5.13,30.27,Medium,3
ENV_SAMP_1523,0.97142,-117.59459,20.0,8.14,4.71,6.03,37.72,623.36,101.08,17.34,0.13,1.49,2.8,24.96,Low,2
ENV_SAMP_1432,35.75578,140.61033,20.62,8.22,10.6,7.22,32.77,366.69,31.79,29.81,0.96,0.07,0.1,13.42,Low,2
ENV_SAMP_0819,-7.3298,105.38756,32.08,7.22,24.25,7.07,35.58,717.56,56.13,19.92,0.41,2.12,0.94,23.47,Low,2
ENV_SAMP_0697,14.50612,80.02365,26.75,7.8,3.32,7.44,33.7,3500.0,500.0,0.2,1.41,0.44,6.77,64.9,High,1
ENV_SAMP_1397,2.74964,79.19854,27.81,8.49,7.89,6.5,33.52,1071.47,185.85,21.46,2.35,1.26,8.59,40.89,Medium,3
ENV_SAMP_1483,13.43379,105.51978,25.61,7.71,1.9,4.33,33.51,1160.11,221.92,13.91,1.39,1.08,9.45,38.77,Medium,3
ENV_SAMP_0928,35.24539,140.20259,24.98,7.81,2.73,6.14,34.78,585.34,83.49,8.86,1.95,1.06,0.35,20.68,Low,2
ENV_SAMP_1162,26.46172,80.7452,21.73,7.05,11.58,5.68,34.62,1033.59,164.08,25.22,0.71,2.17,7.89,36.73,Medium,3
ENV_SAMP_0821,35.01541,81.43624,22.79,7.43,31.51,5.4,34.49,1379.97,183.59,13.17,4.18,1.63,6.78,41.07,Medium,3
ENV_SAMP_0136,19.41774,-80.35745,21.89,8.22,3.33,5.59,34.92,2640.73,474.3,1.09,3.13,0.65,4.48,55.58,High,1
ENV_SAMP_2008,34.41072,107.27728,28.88,8.1,5.1,5.91,35.85,976.32,132.76,4.63,3.2,1.43,0.64,26.44,Medium,3
ENV_SAMP_1672,35.26494,105.40317,28.09,8.22,3.55,6.58,38.73,1367.71,251.03,5.92,2.43,1.14,7.87,37.7,Medium,3
ENV_SAMP_1270,1.49009,102.48128,12.63,8.01,7.31,5.22,38.36,1208.58,185.98,5.73,1.0,1.1,4.9,31.83,Medium,3
ENV_SAMP_1458,34.12099,104.04942,25.39,8.19,14.73,3.92,31.82,3500.0,500.0,0.2,3.15,0.7,5.64,72.7,High,1
ENV_SAMP_0571,26.80754,138.56569,24.36,7.27,6.34,4.8,36.1,837.67,145.89,10.07,3.77,0.45,4.13,27.3,Medium,3
ENV_SAMP_1742,0.30566,105.43884,15.38,7.42,2.9,7.14,40.65,843.04,165.14,18.6,1.01,0.18,6.74,26.94,Medium,3
ENV_SAMP_0401,-6.46441,103.33525,16.41,6.96,8.08,9.65,32.05,1073.71,160.55,5.75,0.65,1.96,3.25,29.0,Medium,3
ENV_SAMP_2499,-5.66089,-117.55002,21.97,7.84,12.99,5.54,35.64,534.61,46.2,17.18,1.32,1.76,0.22,21.48,Low,2
ENV_SAMP_1385,35.27321,-118.09095,21.72,7.25,12.26,6.79,39.08,1204.34,203.27,18.89,1.86,1.69,8.92,39.07,Medium,3
ENV_SAMP_1454,34.22506,108.33459,22.38,8.02,12.71,4.03,36.89,744.67,105.89,23.41,0.65,0.69,3.85,28.35,Medium,3
ENV_SAMP_2284,24.45164,79.2067,20.82,8.01,22.63,4.28,34.13,1148.83,169.46,35.44,1.68,0.28,8.11,39.22,Medium,3
ENV_SAMP_1101,35.20163,-81.09538,24.11,7.19,52.11,10.78,34.23,1098.05,55.11,30.29,1.14,2.08,1.66,29.37,Medium,3
ENV_SAMP_0659,-7.32434,104.88982,26.75,7.51,10.3,4.87,35.61,1164.37,207.21,19.24,0.84,0.33,9.48,41.26,Medium,3
ENV_SAMP_0723,35.22119,73.18372,24.5,7.35,2.24,5.21,33.69,400.35,60.94,41.76,0.3,2.04,2.53,14.9,Low,2
ENV_SAMP_0005,33.70897,72.97242,25.85,7.92,5.33,7.88,33.94,897.76,170.06,22.15,0.47,1.41,7.44,27.25,Medium,3
ENV_SAMP_1919,35.86729,140.641,17.43,7.91,0.5,7.78,30.76,1762.71,314.85,3.03,1.63,0.56,7.37,40.8,Medium,3
ENV_SAMP_0735,33.9626,139.06109,19.4,7.38,19.1,7.33,37.55,3500.0,500.0,0.45,1.31,1.27,3.77,67.39,High,1
ENV_SAMP_0514,24.66095,140.25937,20.37,8.91,12.91,4.97,32.46,680.95,110.83,60.32,0.38,2.01,5.1,31.54,Medium,3
ENV_SAMP_0030,-6.49717,72.08894,23.25,6.88,5.62,4.69,36.38,565.47,106.63,45.29,0.86,0.26,4.25,25.36,Medium,3
ENV_SAMP_0392,33.3528,102.96491,28.29,7.63,15.41,5.38,34.11,559.46,60.44,76.01,0.87,0.08,2.64,23.67,Low,2
ENV_SAMP_0079,0.60844,81.06157,24.24,8.08,48.61,5.99,35.52,1687.74,196.85,30.44,1.5,1.44,9.47,52.81,High,1
ENV_SAMP_0522,-5.4553,79.20655,25.56,7.72,5.84,4.5,33.8,1420.92,253.89,7.68,0.64,1.28,9.63,44.59,Medium,3
ENV_SAMP_1865,36.86517,81.05093,18.73,7.84,15.19,7.87,32.89,1266.21,166.93,5.14,0.87,0.44,2.84,35.65,Medium,3
ENV_SAMP_1846,33.21455,103.0743,20.35,7.9,15.46,7.33,35.75,1446.52,228.96,6.64,3.49,1.33,7.49,40.85,Medium,3
ENV_SAMP_1942,33.63982,73.84451,26.39,7.89,2.33,7.45,31.49,1685.33,274.58,2.06,1.28,0.11,1.53,34.98,Medium,3
ENV_SAMP_2485,19.76001,-118.42942,18.68,8.65,24.93,3.87,30.65,705.99,61.91,21.87,1.65,1.08,1.35,28.31,Medium,3
ENV_SAMP_0143,1.4722,102.46772,31.39,7.59,6.8,4.39,36.33,3205.45,500.0,0.83,0.2,0.42,7.95,69.21,High,1
ENV_SAMP_1166,34.69388,-80.64339,17.65,7.79,29.17,4.8,30.04,1093.83,141.32,19.84,2.06,1.09,5.15,36.25,Medium,3
ENV_SAMP_1183,24.57677,104.49931,27.14,8.07,4.73,8.2,32.65,802.5,135.96,18.03,5.42,1.88,5.41,20.63,Low,2
ENV_SAMP_2051,-7.43879,73.04998,26.34,8.02,8.45,7.74,35.31,3500.0,500.0,0.33,3.39,1.69,6.5,67.25,High,1
ENV_SAMP_2415,24.35125,73.17801,21.98,7.61,16.76,10.1,33.41,2442.57,386.38,1.81,0.76,1.33,7.08,52.97,High,1
ENV_SAMP_1680,18.51823,81.34626,35.15,7.89,1.42,8.58,37.5,940.37,176.64,27.31,2.02,0.19,8.74,26.13,Medium,3
ENV_SAMP_0744,18.81844,-79.49697,16.43,8.17,3.56,3.81,36.17,927.99,179.03,20.31,0.79,0.65,7.38,35.15,Medium,3
ENV_SAMP_2157,12.55747,79.98458,29.94,7.6,16.55,7.15,29.54,549.59,70.35,100.0,2.07,2.02,2.45,21.22,Low,2
ENV_SAMP_0417,1.88669,80.4903,16.67,8.27,6.22,7.02,35.23,1350.78,234.34,7.27,1.21,0.1,8.15,36.5,Medium,3
ENV_SAMP_1525,-7.66298,-118.8208,23.54,7.64,5.01,5.98,32.88,1433.75,208.42,2.49,0.1,1.22,0.37,32.9,Medium,3
ENV_SAMP_2034,19.32954,-118.6517,20.12,7.8,3.51,7.66,30.6,749.17,152.11,27.62,0.41,0.71,6.71,20.82,Low,2
ENV_SAMP_0961,13.96071,71.86085,25.04,7.78,7.5,9.62,34.49,501.83,59.7,14.06,2.18,1.32,0.47,13.63,Low,2
ENV_SAMP_1337,35.13491,-80.90691,21.19,7.98,7.45,5.25,34.85,649.63,96.41,17.83,0.43,1.73,3.35,21.34,Low,2
ENV_SAMP_2197,34.54424,106.21725,25.21,7.39,1.95,2.61,34.44,1418.27,250.14,5.19,0.42,1.7,7.59,43.62,Medium,3
ENV_SAMP_1413,13.07791,-81.16326,17.15,7.21,54.99,5.98,35.08,2247.83,250.91,4.75,0.49,0.64,7.54,62.37,High,1
ENV_SAMP_0326,19.70888,140.2085,30.88,7.4,1.74,7.18,34.47,1200.06,190.39,4.69,0.36,0.7,4.09,30.11,Medium,3
ENV_SAMP_1389,25.27191,105.37304,29.5,7.8,17.57,7.53,33.95,1217.67,186.03,16.03,0.12,0.64,7.85,41.44,Medium,3
ENV_SAMP_2018,13.66968,138.9989,21.56,6.88,28.58,5.86,35.47,1742.49,228.12,4.36,3.43,1.28,4.85,44.72,Medium,3
ENV_SAMP_0866,33.56931,104.67684,30.68,6.89,14.93,5.23,35.98,1833.96,289.07,3.48,2.2,2.13,7.02,45.54,Medium,3
ENV_SAMP_0978,34.93179,-117.61674,18.39,7.74,6.45,7.52,33.5,544.12,75.18,35.61,0.43,0.28,3.32,20.16,Low,2
ENV_SAMP_1910,-5.25478,140.97822,30.7,7.21,2.94,7.37,30.86,476.34,62.09,16.69,1.57,1.98,1.12,15.26,Low,2
ENV_SAMP_1952,25.20389,73.13305,29.59,8.27,0.5,7.72,32.9,418.55,77.86,28.62,1.62,1.72,2.91,18.94,Low,2
ENV_SAMP_0473,2.37698,104.28385,26.26,8.0,19.33,5.21,35.1,3181.66,500.0,0.82,0.14,0.64,4.42,67.64,High,1
ENV_SAMP_0774,2.03839,-118.37928,25.49,7.28,1.08,7.5,31.7,207.6,34.23,32.48,1.26,0.55,0.19,15.05,Low,2
ENV_SAMP_0255,-6.20588,104.55864,26.07,7.98,28.87,7.41,33.42,1118.14,141.18,53.9,3.7,1.45,6.74,35.67,Medium,3
ENV_SAMP_1837,18.26922,72.34412,29.49,6.78,10.82,5.39,32.28,1036.13,136.27,5.14,5.3,0.4,1.32,30.97,Medium,3
ENV_SAMP_0423,-5.68026,73.24234,25.23,7.43,4.38,5.77,31.22,1270.85,208.06,4.56,1.49,0.33,4.25,34.47,Medium,3
ENV_SAMP_0607,2.6976,-118.51619,26.43,8.07,0.5,4.91,31.88,608.83,110.78,13.63,0.51,0.76,3.22,22.39,Low,2
ENV_SAMP_1468,-7.11441,102.60929,31.29,7.82,2.44,6.38,35.69,2397.56,422.15,1.19,1.04,0.92,3.2,49.86,Medium,3
ENV_SAMP_2102,2.22385,81.08627,15.24,7.68,35.11,6.87,34.56,1993.2,269.8,4.8,1.03,1.94,7.95,52.99,High,1
ENV_SAMP_1198,19.48371,141.10166,21.47,7.99,17.56,5.91,34.94,916.69,144.61,30.6,1.81,1.58,6.1,31.08,Medium,3
ENV_SAMP_1975,19.97894,138.54977,27.22,7.41,12.23,6.71,38.16,611.88,72.62,12.07,2.84,1.39,0.42,19.93,Low,2
ENV_SAMP_0811,13.6032,139.70606,26.12,7.08,5.2,9.1,35.42,545.08,71.68,17.47,0.56,0.62,1.59,18.18,Low,2
ENV_SAMP_0633,1.9071,79.31868,32.1,8.3,4.83,7.54,33.44,2508.49,443.39,1.67,5.51,1.65,8.79,55.25,High,1
ENV_SAMP_1493,11.96129,106.51086,21.06,7.69,51.03,6.46,32.39,1819.06,211.24,14.91,4.36,0.53,9.3,54.5,High,1
ENV_SAMP_2397,36.43099,71.85755,16.46,7.36,0.5,6.49,33.42,893.11,179.78,17.14,0.58,0.11,7.4,32.91,Medium,3
ENV_SAMP_0757,18.40825,138.74069,19.83,7.63,14.37,6.6,37.44,1033.7,168.84,28.01,0.66,1.38,7.59,33.27,Medium,3
ENV_SAMP_0182,0.4662,-118.98458,20.52,7.76,3.84,4.49,35.05,1967.43,349.33,3.22,3.94,1.54,9.93,51.01,High,1
ENV_SAMP_1894,12.30652,73.45764,24.95,8.0,0.69,7.49,37.91,1433.7,254.0,5.47,0.44,2.18,8.38,38.26,Medium,3
ENV_SAMP_1431,33.33741,80.58021,23.5,7.14,4.13,3.51,36.85,629.56,86.91,7.68,1.72,0.11,0.31,22.19,Low,2
ENV_SAMP_1751,32.99168,-81.56049,24.12,7.87,7.33,7.13,38.07,1012.25,195.79,26.79,1.25,0.8,8.97,28.57,Medium,3
ENV_SAMP_0980,34.33536,71.60017,23.71,7.76,29.17,7.18,35.94,1591.88,203.62,6.08,0.65,0.38,5.92,41.62,Medium,3
ENV_SAMP_1778,13.93525,81.08864,20.28,8.05,1.95,4.48,37.56,798.2,138.21,10.0,1.37,1.82,4.14,25.63,Medium,3
ENV_SAMP_0334,2.09033,102.93975,20.19,7.08,1.49,7.28,32.19,943.33,175.19,12.25,1.03,0.12,6.53,27.78,Medium,3
ENV_SAMP_0746,2.55989,-79.6979,18.96,7.76,38.02,7.52,35.1,3500.0,500.0,0.78,3.79,0.52,6.46,70.73,High,1
ENV_SAMP_2253,20.40133,104.74131,27.41,8.37,3.61,4.45,33.45,1571.15,261.63,3.45,0.86,1.01,5.57,37.93,Medium,3
ENV_SAMP_1159,12.46918,-78.73984,24.19,8.48,11.81,5.08,34.15,707.81,105.02,27.22,2.95,0.44,4.0,27.68,Medium,3
ENV_SAMP_2324,18.18802,80.94949,26.19,7.01,6.88,5.32,28.66,801.9,139.98,41.63,1.81,1.35,6.57,28.1,Medium,3
ENV_SAMP_1365,34.86454,-119.00638,19.65,7.42,11.76,5.23,31.8,916.27,144.93,31.89,1.55,1.01,6.71,34.95,Medium,3
ENV_SAMP_1660,25.21714,72.47611,18.14,8.09,6.41,4.82,35.88,686.26,93.49,8.75,0.75,0.38,1.35,20.16,Low,2
ENV_SAMP_1259,19.58854,105.14339,28.08,8.14,14.77,7.61,32.95,2944.8,500.0,0.73,1.47,0.37,0.4,59.14,High,1
ENV_SAMP_1796,35.38072,107.54876,29.54,7.27,5.37,6.72,34.41,872.0,154.35,37.92,1.55,0.65,7.53,30.95,Medium,3
ENV_SAMP_0103,2.1922,-118.28935,26.45,8.25,8.25,5.03,33.33,992.34,171.87,6.85,0.1,1.75,4.02,31.44,Medium,3
ENV_SAMP_0623,-7.57297,104.32704,24.11,7.72,1.07,7.73,31.83,1024.76,173.73,5.8,2.9,0.79,3.95,25.2,Medium,3
ENV_SAMP_0422,26.83193,138.908,20.1,8.42,32.39,5.63,37.41,2349.01,319.62,1.6,0.88,2.15,1.34,55.57,High,1
ENV_SAMP_1017,-7.55964,71.99717,24.42,8.23,4.2,5.42,32.65,1544.13,271.81,4.98,1.29,1.85,8.63,43.01,Medium,3
ENV_SAMP_1247,32.89032,79.83875,25.43,7.54,24.21,6.05,32.44,2251.39,336.71,2.69,3.06,0.33,7.73,56.86,High,1
ENV_SAMP_1685,33.31723,104.16065,26.52,7.86,32.94,7.15,34.82,1202.05,130.4,11.53,1.32,0.64,4.12,37.72,Medium,3
ENV_SAMP_0707,26.11166,-80.26637,28.38,7.42,3.46,6.23,35.15,1144.43,217.28,11.97,1.0,2.19,8.78,40.0,Medium,3
ENV_SAMP_0464,19.39523,103.5083,26.49,7.54,1.99,7.28,33.01,1125.23,210.18,8.68,0.49,0.35,7.13,33.24,Medium,3
ENV_SAMP_1788,25.17814,-78.95523,21.15,7.72,19.14,7.13,32.05,1034.83,137.35,12.98,0.97,1.14,4.72,27.99,Medium,3
ENV_SAMP_2160,34.30176,72.19872,22.52,7.87,6.34,8.73,37.19,1014.81,158.64,6.29,1.35,1.32,3.5,21.82,Low,2
ENV_SAMP_1312,34.62465,-117.98332,16.95,7.3,38.53,8.37,36.02,1604.03,214.96,21.03,0.42,0.63,9.84,45.17,Medium,3
ENV_SAMP_2363,0.56704,72.39065,22.11,8.05,1.84,4.87,38.01,1166.05,193.76,4.43,0.74,1.25,3.6,30.01,Medium,3
ENV_SAMP_1002,19.53248,-79.21425,13.21,6.7,4.58,4.63,34.14,1304.55,239.99,7.57,0.68,0.97,8.56,46.99,Medium,3
ENV_SAMP_2475,0.63816,107.29987,29.25,7.05,2.69,9.18,35.83,2672.15,497.18,0.92,1.1,1.16,3.3,53.98,High,1
